-- MySQL dump 10.13  Distrib 8.0.36, for Win64 (x86_64)
--
-- Host: 127.0.0.1    Database: apuesta_total_db
-- ------------------------------------------------------
-- Server version	8.0.30

/*!40101 SET @OLD_CHARACTER_SET_CLIENT=@@CHARACTER_SET_CLIENT */;
/*!40101 SET @OLD_CHARACTER_SET_RESULTS=@@CHARACTER_SET_RESULTS */;
/*!40101 SET @OLD_COLLATION_CONNECTION=@@COLLATION_CONNECTION */;
/*!50503 SET NAMES utf8 */;
/*!40103 SET @OLD_TIME_ZONE=@@TIME_ZONE */;
/*!40103 SET TIME_ZONE='+00:00' */;
/*!40014 SET @OLD_UNIQUE_CHECKS=@@UNIQUE_CHECKS, UNIQUE_CHECKS=0 */;
/*!40014 SET @OLD_FOREIGN_KEY_CHECKS=@@FOREIGN_KEY_CHECKS, FOREIGN_KEY_CHECKS=0 */;
/*!40101 SET @OLD_SQL_MODE=@@SQL_MODE, SQL_MODE='NO_AUTO_VALUE_ON_ZERO' */;
/*!40111 SET @OLD_SQL_NOTES=@@SQL_NOTES, SQL_NOTES=0 */;

--
-- Table structure for table `bank`
--

DROP TABLE IF EXISTS `bank`;
/*!40101 SET @saved_cs_client     = @@character_set_client */;
/*!50503 SET character_set_client = utf8mb4 */;
CREATE TABLE `bank` (
  `id` bigint unsigned NOT NULL AUTO_INCREMENT,
  `name` varchar(255) COLLATE utf8mb4_unicode_ci NOT NULL,
  `created_at` timestamp NULL DEFAULT NULL,
  `updated_at` timestamp NULL DEFAULT NULL,
  PRIMARY KEY (`id`)
) ENGINE=InnoDB AUTO_INCREMENT=4 DEFAULT CHARSET=utf8mb4 COLLATE=utf8mb4_unicode_ci;
/*!40101 SET character_set_client = @saved_cs_client */;

--
-- Dumping data for table `bank`
--

LOCK TABLES `bank` WRITE;
/*!40000 ALTER TABLE `bank` DISABLE KEYS */;
INSERT INTO `bank` VALUES (1,'BCP',NULL,NULL),(2,'CONTINENTAL',NULL,NULL),(3,'INTERBANK',NULL,NULL);
/*!40000 ALTER TABLE `bank` ENABLE KEYS */;
UNLOCK TABLES;

--
-- Table structure for table `client`
--

DROP TABLE IF EXISTS `client`;
/*!40101 SET @saved_cs_client     = @@character_set_client */;
/*!50503 SET character_set_client = utf8mb4 */;
CREATE TABLE `client` (
  `id` bigint unsigned NOT NULL AUTO_INCREMENT,
  `player_id` varchar(255) COLLATE utf8mb4_unicode_ci DEFAULT NULL,
  `balance` decimal(8,2) DEFAULT NULL,
  `person_id` bigint unsigned NOT NULL,
  `created_at` timestamp NULL DEFAULT NULL,
  `updated_at` timestamp NULL DEFAULT NULL,
  PRIMARY KEY (`id`),
  UNIQUE KEY `client_player_id_unique` (`player_id`),
  KEY `client_person_id_foreign` (`person_id`),
  CONSTRAINT `client_person_id_foreign` FOREIGN KEY (`person_id`) REFERENCES `person` (`id`) ON DELETE CASCADE
) ENGINE=InnoDB AUTO_INCREMENT=4 DEFAULT CHARSET=utf8mb4 COLLATE=utf8mb4_unicode_ci;
/*!40101 SET character_set_client = @saved_cs_client */;

--
-- Dumping data for table `client`
--

LOCK TABLES `client` WRITE;
/*!40000 ALTER TABLE `client` DISABLE KEYS */;
INSERT INTO `client` VALUES (2,'168b3aa5-1997-4137-b651-9e787b4b0ad2_48762828',30.00,12,'2024-05-13 16:35:18','2024-05-13 17:39:39'),(3,'6f1f4fb1-ea6c-4ca2-a0be-48a7fa80b074_48763257',20.00,14,'2024-05-13 17:24:12','2024-05-13 17:24:12');
/*!40000 ALTER TABLE `client` ENABLE KEYS */;
UNLOCK TABLES;

--
-- Table structure for table `communication`
--

DROP TABLE IF EXISTS `communication`;
/*!40101 SET @saved_cs_client     = @@character_set_client */;
/*!50503 SET character_set_client = utf8mb4 */;
CREATE TABLE `communication` (
  `id` bigint unsigned NOT NULL AUTO_INCREMENT,
  `sales_id` bigint unsigned DEFAULT NULL,
  `client_id` bigint unsigned DEFAULT NULL,
  `channel` varchar(255) COLLATE utf8mb4_unicode_ci NOT NULL,
  `message` text COLLATE utf8mb4_unicode_ci NOT NULL,
  `status` varchar(15) COLLATE utf8mb4_unicode_ci NOT NULL,
  `created_at` timestamp NULL DEFAULT NULL,
  `updated_at` timestamp NULL DEFAULT NULL,
  PRIMARY KEY (`id`),
  KEY `communication_sales_id_foreign` (`sales_id`),
  KEY `communication_client_id_foreign` (`client_id`),
  CONSTRAINT `communication_client_id_foreign` FOREIGN KEY (`client_id`) REFERENCES `client` (`id`) ON DELETE CASCADE,
  CONSTRAINT `communication_sales_id_foreign` FOREIGN KEY (`sales_id`) REFERENCES `sales_consultant` (`id`) ON DELETE CASCADE
) ENGINE=InnoDB AUTO_INCREMENT=10 DEFAULT CHARSET=utf8mb4 COLLATE=utf8mb4_unicode_ci;
/*!40101 SET character_set_client = @saved_cs_client */;

--
-- Dumping data for table `communication`
--

LOCK TABLES `communication` WRITE;
/*!40000 ALTER TABLE `communication` DISABLE KEYS */;
INSERT INTO `communication` VALUES (8,8,2,'2','Quiero Depositar 50 soles a mi cuenta como hago?','1','2024-05-13 17:02:16','2024-05-13 17:02:16'),(9,8,2,'2','Ok Deyvis Enviame tu voaucher con los montos adeacuado','2','2024-05-13 17:26:29','2024-05-13 17:26:29');
/*!40000 ALTER TABLE `communication` ENABLE KEYS */;
UNLOCK TABLES;

--
-- Table structure for table `departament`
--

DROP TABLE IF EXISTS `departament`;
/*!40101 SET @saved_cs_client     = @@character_set_client */;
/*!50503 SET character_set_client = utf8mb4 */;
CREATE TABLE `departament` (
  `id` varchar(2) COLLATE utf8mb4_unicode_ci NOT NULL,
  `name` varchar(45) COLLATE utf8mb4_unicode_ci NOT NULL,
  `created_at` timestamp NULL DEFAULT NULL,
  `updated_at` timestamp NULL DEFAULT NULL
) ENGINE=InnoDB DEFAULT CHARSET=utf8mb4 COLLATE=utf8mb4_unicode_ci;
/*!40101 SET character_set_client = @saved_cs_client */;

--
-- Dumping data for table `departament`
--

LOCK TABLES `departament` WRITE;
/*!40000 ALTER TABLE `departament` DISABLE KEYS */;
INSERT INTO `departament` VALUES ('01','Amazonas',NULL,NULL),('02','Áncash',NULL,NULL),('03','Apurímac',NULL,NULL),('04','Arequipa',NULL,NULL),('05','Ayacucho',NULL,NULL),('06','Cajamarca',NULL,NULL),('07','Callao',NULL,NULL),('08','Cusco',NULL,NULL),('09','Huancavelica',NULL,NULL),('10','Huánuco',NULL,NULL),('11','Ica',NULL,NULL),('12','Junín',NULL,NULL),('13','La Libertad',NULL,NULL),('14','Lambayeque',NULL,NULL),('15','Lima',NULL,NULL),('16','Loreto',NULL,NULL),('17','Madre de Dios',NULL,NULL),('18','Moquegua',NULL,NULL),('19','Pasco',NULL,NULL),('20','Piura',NULL,NULL),('21','Puno',NULL,NULL),('22','San Martín',NULL,NULL),('23','Tacna',NULL,NULL),('24','Tumbes',NULL,NULL),('25','Ucayali',NULL,NULL);
/*!40000 ALTER TABLE `departament` ENABLE KEYS */;
UNLOCK TABLES;

--
-- Table structure for table `deposit`
--

DROP TABLE IF EXISTS `deposit`;
/*!40101 SET @saved_cs_client     = @@character_set_client */;
/*!50503 SET character_set_client = utf8mb4 */;
CREATE TABLE `deposit` (
  `id` bigint unsigned NOT NULL AUTO_INCREMENT,
  `client_id` bigint unsigned NOT NULL,
  `voucher` varchar(100) COLLATE utf8mb4_unicode_ci NOT NULL,
  `chanel` varchar(50) COLLATE utf8mb4_unicode_ci NOT NULL,
  `amount` decimal(10,2) NOT NULL,
  `bank_id` bigint unsigned NOT NULL,
  `date_hour` datetime NOT NULL,
  `created_at` timestamp NULL DEFAULT NULL,
  `updated_at` timestamp NULL DEFAULT NULL,
  PRIMARY KEY (`id`),
  KEY `deposit_client_id_foreign` (`client_id`),
  KEY `deposit_bank_id_foreign` (`bank_id`),
  CONSTRAINT `deposit_bank_id_foreign` FOREIGN KEY (`bank_id`) REFERENCES `bank` (`id`) ON DELETE CASCADE,
  CONSTRAINT `deposit_client_id_foreign` FOREIGN KEY (`client_id`) REFERENCES `client` (`id`) ON DELETE CASCADE
) ENGINE=InnoDB AUTO_INCREMENT=5 DEFAULT CHARSET=utf8mb4 COLLATE=utf8mb4_unicode_ci;
/*!40101 SET character_set_client = @saved_cs_client */;

--
-- Dumping data for table `deposit`
--

LOCK TABLES `deposit` WRITE;
/*!40000 ALTER TABLE `deposit` DISABLE KEYS */;
INSERT INTO `deposit` VALUES (4,2,'archivos/207Oe1J9jcCCbLukI7F4l8vEjJrp2sDQ4EOasOWG.png','TeleGram',20.00,1,'2024-05-12 15:30:00','2024-05-13 17:30:40','2024-05-13 17:39:39');
/*!40000 ALTER TABLE `deposit` ENABLE KEYS */;
UNLOCK TABLES;

--
-- Table structure for table `district`
--

DROP TABLE IF EXISTS `district`;
/*!40101 SET @saved_cs_client     = @@character_set_client */;
/*!50503 SET character_set_client = utf8mb4 */;
CREATE TABLE `district` (
  `id` varchar(6) COLLATE utf8mb4_unicode_ci DEFAULT NULL,
  `name` varchar(45) COLLATE utf8mb4_unicode_ci DEFAULT NULL,
  `province_id` varchar(4) COLLATE utf8mb4_unicode_ci DEFAULT NULL,
  `department_id` varchar(2) COLLATE utf8mb4_unicode_ci DEFAULT NULL,
  `created_at` timestamp NULL DEFAULT NULL,
  `updated_at` timestamp NULL DEFAULT NULL
) ENGINE=InnoDB DEFAULT CHARSET=utf8mb4 COLLATE=utf8mb4_unicode_ci;
/*!40101 SET character_set_client = @saved_cs_client */;

--
-- Dumping data for table `district`
--

LOCK TABLES `district` WRITE;
/*!40000 ALTER TABLE `district` DISABLE KEYS */;
INSERT INTO `district` VALUES ('010101','Chachapoyas','0101','01',NULL,NULL),('010102','Asunción','0101','01',NULL,NULL),('010103','Balsas','0101','01',NULL,NULL),('010104','Cheto','0101','01',NULL,NULL),('010105','Chiliquin','0101','01',NULL,NULL),('010106','Chuquibamba','0101','01',NULL,NULL),('010107','Granada','0101','01',NULL,NULL),('010108','Huancas','0101','01',NULL,NULL),('010109','La Jalca','0101','01',NULL,NULL),('010110','Leimebamba','0101','01',NULL,NULL),('010111','Levanto','0101','01',NULL,NULL),('010112','Magdalena','0101','01',NULL,NULL),('010113','Mariscal Castilla','0101','01',NULL,NULL),('010114','Molinopampa','0101','01',NULL,NULL),('010115','Montevideo','0101','01',NULL,NULL),('010116','Olleros','0101','01',NULL,NULL),('010117','Quinjalca','0101','01',NULL,NULL),('010118','San Francisco de Daguas','0101','01',NULL,NULL),('010119','San Isidro de Maino','0101','01',NULL,NULL),('010120','Soloco','0101','01',NULL,NULL),('010121','Sonche','0101','01',NULL,NULL),('010201','Bagua','0102','01',NULL,NULL),('010202','Aramango','0102','01',NULL,NULL),('010203','Copallin','0102','01',NULL,NULL),('010204','El Parco','0102','01',NULL,NULL),('010205','Imaza','0102','01',NULL,NULL),('010206','La Peca','0102','01',NULL,NULL),('010301','Jumbilla','0103','01',NULL,NULL),('010302','Chisquilla','0103','01',NULL,NULL),('010303','Churuja','0103','01',NULL,NULL),('010304','Corosha','0103','01',NULL,NULL),('010305','Cuispes','0103','01',NULL,NULL),('010306','Florida','0103','01',NULL,NULL),('010307','Jazan','0103','01',NULL,NULL),('010308','Recta','0103','01',NULL,NULL),('010309','San Carlos','0103','01',NULL,NULL),('010310','Shipasbamba','0103','01',NULL,NULL),('010311','Valera','0103','01',NULL,NULL),('010312','Yambrasbamba','0103','01',NULL,NULL),('010401','Nieva','0104','01',NULL,NULL),('010402','El Cenepa','0104','01',NULL,NULL),('010403','Río Santiago','0104','01',NULL,NULL),('010501','Lamud','0105','01',NULL,NULL),('010502','Camporredondo','0105','01',NULL,NULL),('010503','Cocabamba','0105','01',NULL,NULL),('010504','Colcamar','0105','01',NULL,NULL),('010505','Conila','0105','01',NULL,NULL),('010506','Inguilpata','0105','01',NULL,NULL),('010507','Longuita','0105','01',NULL,NULL),('010508','Lonya Chico','0105','01',NULL,NULL),('010509','Luya','0105','01',NULL,NULL),('010510','Luya Viejo','0105','01',NULL,NULL),('010511','María','0105','01',NULL,NULL),('010512','Ocalli','0105','01',NULL,NULL),('010513','Ocumal','0105','01',NULL,NULL),('010514','Pisuquia','0105','01',NULL,NULL),('010515','Providencia','0105','01',NULL,NULL),('010516','San Cristóbal','0105','01',NULL,NULL),('010517','San Francisco de Yeso','0105','01',NULL,NULL),('010518','San Jerónimo','0105','01',NULL,NULL),('010519','San Juan de Lopecancha','0105','01',NULL,NULL),('010520','Santa Catalina','0105','01',NULL,NULL),('010521','Santo Tomas','0105','01',NULL,NULL),('010522','Tingo','0105','01',NULL,NULL),('010523','Trita','0105','01',NULL,NULL),('010601','San Nicolás','0106','01',NULL,NULL),('010602','Chirimoto','0106','01',NULL,NULL),('010603','Cochamal','0106','01',NULL,NULL),('010604','Huambo','0106','01',NULL,NULL),('010605','Limabamba','0106','01',NULL,NULL),('010606','Longar','0106','01',NULL,NULL),('010607','Mariscal Benavides','0106','01',NULL,NULL),('010608','Milpuc','0106','01',NULL,NULL),('010609','Omia','0106','01',NULL,NULL),('010610','Santa Rosa','0106','01',NULL,NULL),('010611','Totora','0106','01',NULL,NULL),('010612','Vista Alegre','0106','01',NULL,NULL),('010701','Bagua Grande','0107','01',NULL,NULL),('010702','Cajaruro','0107','01',NULL,NULL),('010703','Cumba','0107','01',NULL,NULL),('010704','El Milagro','0107','01',NULL,NULL),('010705','Jamalca','0107','01',NULL,NULL),('010706','Lonya Grande','0107','01',NULL,NULL),('010707','Yamon','0107','01',NULL,NULL),('020101','Huaraz','0201','02',NULL,NULL),('020102','Cochabamba','0201','02',NULL,NULL),('020103','Colcabamba','0201','02',NULL,NULL),('020104','Huanchay','0201','02',NULL,NULL),('020105','Independencia','0201','02',NULL,NULL),('020106','Jangas','0201','02',NULL,NULL),('020107','La Libertad','0201','02',NULL,NULL),('020108','Olleros','0201','02',NULL,NULL),('020109','Pampas Grande','0201','02',NULL,NULL),('020110','Pariacoto','0201','02',NULL,NULL),('020111','Pira','0201','02',NULL,NULL),('020112','Tarica','0201','02',NULL,NULL),('020201','Aija','0202','02',NULL,NULL),('020202','Coris','0202','02',NULL,NULL),('020203','Huacllan','0202','02',NULL,NULL),('020204','La Merced','0202','02',NULL,NULL),('020205','Succha','0202','02',NULL,NULL),('020301','Llamellin','0203','02',NULL,NULL),('020302','Aczo','0203','02',NULL,NULL),('020303','Chaccho','0203','02',NULL,NULL),('020304','Chingas','0203','02',NULL,NULL),('020305','Mirgas','0203','02',NULL,NULL),('020306','San Juan de Rontoy','0203','02',NULL,NULL),('020401','Chacas','0204','02',NULL,NULL),('020402','Acochaca','0204','02',NULL,NULL),('020501','Chiquian','0205','02',NULL,NULL),('020502','Abelardo Pardo Lezameta','0205','02',NULL,NULL),('020503','Antonio Raymondi','0205','02',NULL,NULL),('020504','Aquia','0205','02',NULL,NULL),('020505','Cajacay','0205','02',NULL,NULL),('020506','Canis','0205','02',NULL,NULL),('020507','Colquioc','0205','02',NULL,NULL),('020508','Huallanca','0205','02',NULL,NULL),('020509','Huasta','0205','02',NULL,NULL),('020510','Huayllacayan','0205','02',NULL,NULL),('020511','La Primavera','0205','02',NULL,NULL),('020512','Mangas','0205','02',NULL,NULL),('020513','Pacllon','0205','02',NULL,NULL),('020514','San Miguel de Corpanqui','0205','02',NULL,NULL),('020515','Ticllos','0205','02',NULL,NULL),('020601','Carhuaz','0206','02',NULL,NULL),('020602','Acopampa','0206','02',NULL,NULL),('020603','Amashca','0206','02',NULL,NULL),('020604','Anta','0206','02',NULL,NULL),('020605','Ataquero','0206','02',NULL,NULL),('020606','Marcara','0206','02',NULL,NULL),('020607','Pariahuanca','0206','02',NULL,NULL),('020608','San Miguel de Aco','0206','02',NULL,NULL),('020609','Shilla','0206','02',NULL,NULL),('020610','Tinco','0206','02',NULL,NULL),('020611','Yungar','0206','02',NULL,NULL),('020701','San Luis','0207','02',NULL,NULL),('020702','San Nicolás','0207','02',NULL,NULL),('020703','Yauya','0207','02',NULL,NULL),('020801','Casma','0208','02',NULL,NULL),('020802','Buena Vista Alta','0208','02',NULL,NULL),('020803','Comandante Noel','0208','02',NULL,NULL),('020804','Yautan','0208','02',NULL,NULL),('020901','Corongo','0209','02',NULL,NULL),('020902','Aco','0209','02',NULL,NULL),('020903','Bambas','0209','02',NULL,NULL),('020904','Cusca','0209','02',NULL,NULL),('020905','La Pampa','0209','02',NULL,NULL),('020906','Yanac','0209','02',NULL,NULL),('020907','Yupan','0209','02',NULL,NULL),('021001','Huari','0210','02',NULL,NULL),('021002','Anra','0210','02',NULL,NULL),('021003','Cajay','0210','02',NULL,NULL),('021004','Chavin de Huantar','0210','02',NULL,NULL),('021005','Huacachi','0210','02',NULL,NULL),('021006','Huacchis','0210','02',NULL,NULL),('021007','Huachis','0210','02',NULL,NULL),('021008','Huantar','0210','02',NULL,NULL),('021009','Masin','0210','02',NULL,NULL),('021010','Paucas','0210','02',NULL,NULL),('021011','Ponto','0210','02',NULL,NULL),('021012','Rahuapampa','0210','02',NULL,NULL),('021013','Rapayan','0210','02',NULL,NULL),('021014','San Marcos','0210','02',NULL,NULL),('021015','San Pedro de Chana','0210','02',NULL,NULL),('021016','Uco','0210','02',NULL,NULL),('021101','Huarmey','0211','02',NULL,NULL),('021102','Cochapeti','0211','02',NULL,NULL),('021103','Culebras','0211','02',NULL,NULL),('021104','Huayan','0211','02',NULL,NULL),('021105','Malvas','0211','02',NULL,NULL),('021201','Caraz','0212','02',NULL,NULL),('021202','Huallanca','0212','02',NULL,NULL),('021203','Huata','0212','02',NULL,NULL),('021204','Huaylas','0212','02',NULL,NULL),('021205','Mato','0212','02',NULL,NULL),('021206','Pamparomas','0212','02',NULL,NULL),('021207','Pueblo Libre','0212','02',NULL,NULL),('021208','Santa Cruz','0212','02',NULL,NULL),('021209','Santo Toribio','0212','02',NULL,NULL),('021210','Yuracmarca','0212','02',NULL,NULL),('021301','Piscobamba','0213','02',NULL,NULL),('021302','Casca','0213','02',NULL,NULL),('021303','Eleazar Guzmán Barron','0213','02',NULL,NULL),('021304','Fidel Olivas Escudero','0213','02',NULL,NULL),('021305','Llama','0213','02',NULL,NULL),('021306','Llumpa','0213','02',NULL,NULL),('021307','Lucma','0213','02',NULL,NULL),('021308','Musga','0213','02',NULL,NULL),('021401','Ocros','0214','02',NULL,NULL),('021402','Acas','0214','02',NULL,NULL),('021403','Cajamarquilla','0214','02',NULL,NULL),('021404','Carhuapampa','0214','02',NULL,NULL),('021405','Cochas','0214','02',NULL,NULL),('021406','Congas','0214','02',NULL,NULL),('021407','Llipa','0214','02',NULL,NULL),('021408','San Cristóbal de Rajan','0214','02',NULL,NULL),('021409','San Pedro','0214','02',NULL,NULL),('021410','Santiago de Chilcas','0214','02',NULL,NULL),('021501','Cabana','0215','02',NULL,NULL),('021502','Bolognesi','0215','02',NULL,NULL),('021503','Conchucos','0215','02',NULL,NULL),('021504','Huacaschuque','0215','02',NULL,NULL),('021505','Huandoval','0215','02',NULL,NULL),('021506','Lacabamba','0215','02',NULL,NULL),('021507','Llapo','0215','02',NULL,NULL),('021508','Pallasca','0215','02',NULL,NULL),('021509','Pampas','0215','02',NULL,NULL),('021510','Santa Rosa','0215','02',NULL,NULL),('021511','Tauca','0215','02',NULL,NULL),('021601','Pomabamba','0216','02',NULL,NULL),('021602','Huayllan','0216','02',NULL,NULL),('021603','Parobamba','0216','02',NULL,NULL),('021604','Quinuabamba','0216','02',NULL,NULL),('021701','Recuay','0217','02',NULL,NULL),('021702','Catac','0217','02',NULL,NULL),('021703','Cotaparaco','0217','02',NULL,NULL),('021704','Huayllapampa','0217','02',NULL,NULL),('021705','Llacllin','0217','02',NULL,NULL),('021706','Marca','0217','02',NULL,NULL),('021707','Pampas Chico','0217','02',NULL,NULL),('021708','Pararin','0217','02',NULL,NULL),('021709','Tapacocha','0217','02',NULL,NULL),('021710','Ticapampa','0217','02',NULL,NULL),('021801','Chimbote','0218','02',NULL,NULL),('021802','Cáceres del Perú','0218','02',NULL,NULL),('021803','Coishco','0218','02',NULL,NULL),('021804','Macate','0218','02',NULL,NULL),('021805','Moro','0218','02',NULL,NULL),('021806','Nepeña','0218','02',NULL,NULL),('021807','Samanco','0218','02',NULL,NULL),('021808','Santa','0218','02',NULL,NULL),('021809','Nuevo Chimbote','0218','02',NULL,NULL),('021901','Sihuas','0219','02',NULL,NULL),('021902','Acobamba','0219','02',NULL,NULL),('021903','Alfonso Ugarte','0219','02',NULL,NULL),('021904','Cashapampa','0219','02',NULL,NULL),('021905','Chingalpo','0219','02',NULL,NULL),('021906','Huayllabamba','0219','02',NULL,NULL),('021907','Quiches','0219','02',NULL,NULL),('021908','Ragash','0219','02',NULL,NULL),('021909','San Juan','0219','02',NULL,NULL),('021910','Sicsibamba','0219','02',NULL,NULL),('022001','Yungay','0220','02',NULL,NULL),('022002','Cascapara','0220','02',NULL,NULL),('022003','Mancos','0220','02',NULL,NULL),('022004','Matacoto','0220','02',NULL,NULL),('022005','Quillo','0220','02',NULL,NULL),('022006','Ranrahirca','0220','02',NULL,NULL),('022007','Shupluy','0220','02',NULL,NULL),('022008','Yanama','0220','02',NULL,NULL),('030101','Abancay','0301','03',NULL,NULL),('030102','Chacoche','0301','03',NULL,NULL),('030103','Circa','0301','03',NULL,NULL),('030104','Curahuasi','0301','03',NULL,NULL),('030105','Huanipaca','0301','03',NULL,NULL),('030106','Lambrama','0301','03',NULL,NULL),('030107','Pichirhua','0301','03',NULL,NULL),('030108','San Pedro de Cachora','0301','03',NULL,NULL),('030109','Tamburco','0301','03',NULL,NULL),('030201','Andahuaylas','0302','03',NULL,NULL),('030202','Andarapa','0302','03',NULL,NULL),('030203','Chiara','0302','03',NULL,NULL),('030204','Huancarama','0302','03',NULL,NULL),('030205','Huancaray','0302','03',NULL,NULL),('030206','Huayana','0302','03',NULL,NULL),('030207','Kishuara','0302','03',NULL,NULL),('030208','Pacobamba','0302','03',NULL,NULL),('030209','Pacucha','0302','03',NULL,NULL),('030210','Pampachiri','0302','03',NULL,NULL),('030211','Pomacocha','0302','03',NULL,NULL),('030212','San Antonio de Cachi','0302','03',NULL,NULL),('030213','San Jerónimo','0302','03',NULL,NULL),('030214','San Miguel de Chaccrampa','0302','03',NULL,NULL),('030215','Santa María de Chicmo','0302','03',NULL,NULL),('030216','Talavera','0302','03',NULL,NULL),('030217','Tumay Huaraca','0302','03',NULL,NULL),('030218','Turpo','0302','03',NULL,NULL),('030219','Kaquiabamba','0302','03',NULL,NULL),('030220','José María Arguedas','0302','03',NULL,NULL),('030301','Antabamba','0303','03',NULL,NULL),('030302','El Oro','0303','03',NULL,NULL),('030303','Huaquirca','0303','03',NULL,NULL),('030304','Juan Espinoza Medrano','0303','03',NULL,NULL),('030305','Oropesa','0303','03',NULL,NULL),('030306','Pachaconas','0303','03',NULL,NULL),('030307','Sabaino','0303','03',NULL,NULL),('030401','Chalhuanca','0304','03',NULL,NULL),('030402','Capaya','0304','03',NULL,NULL),('030403','Caraybamba','0304','03',NULL,NULL),('030404','Chapimarca','0304','03',NULL,NULL),('030405','Colcabamba','0304','03',NULL,NULL),('030406','Cotaruse','0304','03',NULL,NULL),('030407','Ihuayllo','0304','03',NULL,NULL),('030408','Justo Apu Sahuaraura','0304','03',NULL,NULL),('030409','Lucre','0304','03',NULL,NULL),('030410','Pocohuanca','0304','03',NULL,NULL),('030411','San Juan de Chacña','0304','03',NULL,NULL),('030412','Sañayca','0304','03',NULL,NULL),('030413','Soraya','0304','03',NULL,NULL),('030414','Tapairihua','0304','03',NULL,NULL),('030415','Tintay','0304','03',NULL,NULL),('030416','Toraya','0304','03',NULL,NULL),('030417','Yanaca','0304','03',NULL,NULL),('030501','Tambobamba','0305','03',NULL,NULL),('030502','Cotabambas','0305','03',NULL,NULL),('030503','Coyllurqui','0305','03',NULL,NULL),('030504','Haquira','0305','03',NULL,NULL),('030505','Mara','0305','03',NULL,NULL),('030506','Challhuahuacho','0305','03',NULL,NULL),('030601','Chincheros','0306','03',NULL,NULL),('030602','Anco_Huallo','0306','03',NULL,NULL),('030603','Cocharcas','0306','03',NULL,NULL),('030604','Huaccana','0306','03',NULL,NULL),('030605','Ocobamba','0306','03',NULL,NULL),('030606','Ongoy','0306','03',NULL,NULL),('030607','Uranmarca','0306','03',NULL,NULL),('030608','Ranracancha','0306','03',NULL,NULL),('030609','Rocchacc','0306','03',NULL,NULL),('030610','El Porvenir','0306','03',NULL,NULL),('030611','Los Chankas','0306','03',NULL,NULL),('030701','Chuquibambilla','0307','03',NULL,NULL),('030702','Curpahuasi','0307','03',NULL,NULL),('030703','Gamarra','0307','03',NULL,NULL),('030704','Huayllati','0307','03',NULL,NULL),('030705','Mamara','0307','03',NULL,NULL),('030706','Micaela Bastidas','0307','03',NULL,NULL),('030707','Pataypampa','0307','03',NULL,NULL),('030708','Progreso','0307','03',NULL,NULL),('030709','San Antonio','0307','03',NULL,NULL),('030710','Santa Rosa','0307','03',NULL,NULL),('030711','Turpay','0307','03',NULL,NULL),('030712','Vilcabamba','0307','03',NULL,NULL),('030713','Virundo','0307','03',NULL,NULL),('030714','Curasco','0307','03',NULL,NULL),('040101','Arequipa','0401','04',NULL,NULL),('040102','Alto Selva Alegre','0401','04',NULL,NULL),('040103','Cayma','0401','04',NULL,NULL),('040104','Cerro Colorado','0401','04',NULL,NULL),('040105','Characato','0401','04',NULL,NULL),('040106','Chiguata','0401','04',NULL,NULL),('040107','Jacobo Hunter','0401','04',NULL,NULL),('040108','La Joya','0401','04',NULL,NULL),('040109','Mariano Melgar','0401','04',NULL,NULL),('040110','Miraflores','0401','04',NULL,NULL),('040111','Mollebaya','0401','04',NULL,NULL),('040112','Paucarpata','0401','04',NULL,NULL),('040113','Pocsi','0401','04',NULL,NULL),('040114','Polobaya','0401','04',NULL,NULL),('040115','Quequeña','0401','04',NULL,NULL),('040116','Sabandia','0401','04',NULL,NULL),('040117','Sachaca','0401','04',NULL,NULL),('040118','San Juan de Siguas','0401','04',NULL,NULL),('040119','San Juan de Tarucani','0401','04',NULL,NULL),('040120','Santa Isabel de Siguas','0401','04',NULL,NULL),('040121','Santa Rita de Siguas','0401','04',NULL,NULL),('040122','Socabaya','0401','04',NULL,NULL),('040123','Tiabaya','0401','04',NULL,NULL),('040124','Uchumayo','0401','04',NULL,NULL),('040125','Vitor','0401','04',NULL,NULL),('040126','Yanahuara','0401','04',NULL,NULL),('040127','Yarabamba','0401','04',NULL,NULL),('040128','Yura','0401','04',NULL,NULL),('040129','José Luis Bustamante Y Rivero','0401','04',NULL,NULL),('040201','Camaná','0402','04',NULL,NULL),('040202','José María Quimper','0402','04',NULL,NULL),('040203','Mariano Nicolás Valcárcel','0402','04',NULL,NULL),('040204','Mariscal Cáceres','0402','04',NULL,NULL),('040205','Nicolás de Pierola','0402','04',NULL,NULL),('040206','Ocoña','0402','04',NULL,NULL),('040207','Quilca','0402','04',NULL,NULL),('040208','Samuel Pastor','0402','04',NULL,NULL),('040301','Caravelí','0403','04',NULL,NULL),('040302','Acarí','0403','04',NULL,NULL),('040303','Atico','0403','04',NULL,NULL),('040304','Atiquipa','0403','04',NULL,NULL),('040305','Bella Unión','0403','04',NULL,NULL),('040306','Cahuacho','0403','04',NULL,NULL),('040307','Chala','0403','04',NULL,NULL),('040308','Chaparra','0403','04',NULL,NULL),('040309','Huanuhuanu','0403','04',NULL,NULL),('040310','Jaqui','0403','04',NULL,NULL),('040311','Lomas','0403','04',NULL,NULL),('040312','Quicacha','0403','04',NULL,NULL),('040313','Yauca','0403','04',NULL,NULL),('040401','Aplao','0404','04',NULL,NULL),('040402','Andagua','0404','04',NULL,NULL),('040403','Ayo','0404','04',NULL,NULL),('040404','Chachas','0404','04',NULL,NULL),('040405','Chilcaymarca','0404','04',NULL,NULL),('040406','Choco','0404','04',NULL,NULL),('040407','Huancarqui','0404','04',NULL,NULL),('040408','Machaguay','0404','04',NULL,NULL),('040409','Orcopampa','0404','04',NULL,NULL),('040410','Pampacolca','0404','04',NULL,NULL),('040411','Tipan','0404','04',NULL,NULL),('040412','Uñon','0404','04',NULL,NULL),('040413','Uraca','0404','04',NULL,NULL),('040414','Viraco','0404','04',NULL,NULL),('040501','Chivay','0405','04',NULL,NULL),('040502','Achoma','0405','04',NULL,NULL),('040503','Cabanaconde','0405','04',NULL,NULL),('040504','Callalli','0405','04',NULL,NULL),('040505','Caylloma','0405','04',NULL,NULL),('040506','Coporaque','0405','04',NULL,NULL),('040507','Huambo','0405','04',NULL,NULL),('040508','Huanca','0405','04',NULL,NULL),('040509','Ichupampa','0405','04',NULL,NULL),('040510','Lari','0405','04',NULL,NULL),('040511','Lluta','0405','04',NULL,NULL),('040512','Maca','0405','04',NULL,NULL),('040513','Madrigal','0405','04',NULL,NULL),('040514','San Antonio de Chuca','0405','04',NULL,NULL),('040515','Sibayo','0405','04',NULL,NULL),('040516','Tapay','0405','04',NULL,NULL),('040517','Tisco','0405','04',NULL,NULL),('040518','Tuti','0405','04',NULL,NULL),('040519','Yanque','0405','04',NULL,NULL),('040520','Majes','0405','04',NULL,NULL),('040601','Chuquibamba','0406','04',NULL,NULL),('040602','Andaray','0406','04',NULL,NULL),('040603','Cayarani','0406','04',NULL,NULL),('040604','Chichas','0406','04',NULL,NULL),('040605','Iray','0406','04',NULL,NULL),('040606','Río Grande','0406','04',NULL,NULL),('040607','Salamanca','0406','04',NULL,NULL),('040608','Yanaquihua','0406','04',NULL,NULL),('040701','Mollendo','0407','04',NULL,NULL),('040702','Cocachacra','0407','04',NULL,NULL),('040703','Dean Valdivia','0407','04',NULL,NULL),('040704','Islay','0407','04',NULL,NULL),('040705','Mejia','0407','04',NULL,NULL),('040706','Punta de Bombón','0407','04',NULL,NULL),('040801','Cotahuasi','0408','04',NULL,NULL),('040802','Alca','0408','04',NULL,NULL),('040803','Charcana','0408','04',NULL,NULL),('040804','Huaynacotas','0408','04',NULL,NULL),('040805','Pampamarca','0408','04',NULL,NULL),('040806','Puyca','0408','04',NULL,NULL),('040807','Quechualla','0408','04',NULL,NULL),('040808','Sayla','0408','04',NULL,NULL),('040809','Tauria','0408','04',NULL,NULL),('040810','Tomepampa','0408','04',NULL,NULL),('040811','Toro','0408','04',NULL,NULL),('050101','Ayacucho','0501','05',NULL,NULL),('050102','Acocro','0501','05',NULL,NULL),('050103','Acos Vinchos','0501','05',NULL,NULL),('050104','Carmen Alto','0501','05',NULL,NULL),('050105','Chiara','0501','05',NULL,NULL),('050106','Ocros','0501','05',NULL,NULL),('050107','Pacaycasa','0501','05',NULL,NULL),('050108','Quinua','0501','05',NULL,NULL),('050109','San José de Ticllas','0501','05',NULL,NULL),('050110','San Juan Bautista','0501','05',NULL,NULL),('050111','Santiago de Pischa','0501','05',NULL,NULL),('050112','Socos','0501','05',NULL,NULL),('050113','Tambillo','0501','05',NULL,NULL),('050114','Vinchos','0501','05',NULL,NULL),('050115','Jesús Nazareno','0501','05',NULL,NULL),('050116','Andrés Avelino Cáceres Dorregaray','0501','05',NULL,NULL),('050201','Cangallo','0502','05',NULL,NULL),('050202','Chuschi','0502','05',NULL,NULL),('050203','Los Morochucos','0502','05',NULL,NULL),('050204','María Parado de Bellido','0502','05',NULL,NULL),('050205','Paras','0502','05',NULL,NULL),('050206','Totos','0502','05',NULL,NULL),('050301','Sancos','0503','05',NULL,NULL),('050302','Carapo','0503','05',NULL,NULL),('050303','Sacsamarca','0503','05',NULL,NULL),('050304','Santiago de Lucanamarca','0503','05',NULL,NULL),('050401','Huanta','0504','05',NULL,NULL),('050402','Ayahuanco','0504','05',NULL,NULL),('050403','Huamanguilla','0504','05',NULL,NULL),('050404','Iguain','0504','05',NULL,NULL),('050405','Luricocha','0504','05',NULL,NULL),('050406','Santillana','0504','05',NULL,NULL),('050407','Sivia','0504','05',NULL,NULL),('050408','Llochegua','0504','05',NULL,NULL),('050409','Canayre','0504','05',NULL,NULL),('050410','Uchuraccay','0504','05',NULL,NULL),('050411','Pucacolpa','0504','05',NULL,NULL),('050412','Chaca','0504','05',NULL,NULL),('050501','San Miguel','0505','05',NULL,NULL),('050502','Anco','0505','05',NULL,NULL),('050503','Ayna','0505','05',NULL,NULL),('050504','Chilcas','0505','05',NULL,NULL),('050505','Chungui','0505','05',NULL,NULL),('050506','Luis Carranza','0505','05',NULL,NULL),('050507','Santa Rosa','0505','05',NULL,NULL),('050508','Tambo','0505','05',NULL,NULL),('050509','Samugari','0505','05',NULL,NULL),('050510','Anchihuay','0505','05',NULL,NULL),('050511','Oronccoy','0505','05',NULL,NULL),('050601','Puquio','0506','05',NULL,NULL),('050602','Aucara','0506','05',NULL,NULL),('050603','Cabana','0506','05',NULL,NULL),('050604','Carmen Salcedo','0506','05',NULL,NULL),('050605','Chaviña','0506','05',NULL,NULL),('050606','Chipao','0506','05',NULL,NULL),('050607','Huac-Huas','0506','05',NULL,NULL),('050608','Laramate','0506','05',NULL,NULL),('050609','Leoncio Prado','0506','05',NULL,NULL),('050610','Llauta','0506','05',NULL,NULL),('050611','Lucanas','0506','05',NULL,NULL),('050612','Ocaña','0506','05',NULL,NULL),('050613','Otoca','0506','05',NULL,NULL),('050614','Saisa','0506','05',NULL,NULL),('050615','San Cristóbal','0506','05',NULL,NULL),('050616','San Juan','0506','05',NULL,NULL),('050617','San Pedro','0506','05',NULL,NULL),('050618','San Pedro de Palco','0506','05',NULL,NULL),('050619','Sancos','0506','05',NULL,NULL),('050620','Santa Ana de Huaycahuacho','0506','05',NULL,NULL),('050621','Santa Lucia','0506','05',NULL,NULL),('050701','Coracora','0507','05',NULL,NULL),('050702','Chumpi','0507','05',NULL,NULL),('050703','Coronel Castañeda','0507','05',NULL,NULL),('050704','Pacapausa','0507','05',NULL,NULL),('050705','Pullo','0507','05',NULL,NULL),('050706','Puyusca','0507','05',NULL,NULL),('050707','San Francisco de Ravacayco','0507','05',NULL,NULL),('050708','Upahuacho','0507','05',NULL,NULL),('050801','Pausa','0508','05',NULL,NULL),('050802','Colta','0508','05',NULL,NULL),('050803','Corculla','0508','05',NULL,NULL),('050804','Lampa','0508','05',NULL,NULL),('050805','Marcabamba','0508','05',NULL,NULL),('050806','Oyolo','0508','05',NULL,NULL),('050807','Pararca','0508','05',NULL,NULL),('050808','San Javier de Alpabamba','0508','05',NULL,NULL),('050809','San José de Ushua','0508','05',NULL,NULL),('050810','Sara Sara','0508','05',NULL,NULL),('050901','Querobamba','0509','05',NULL,NULL),('050902','Belén','0509','05',NULL,NULL),('050903','Chalcos','0509','05',NULL,NULL),('050904','Chilcayoc','0509','05',NULL,NULL),('050905','Huacaña','0509','05',NULL,NULL),('050906','Morcolla','0509','05',NULL,NULL),('050907','Paico','0509','05',NULL,NULL),('050908','San Pedro de Larcay','0509','05',NULL,NULL),('050909','San Salvador de Quije','0509','05',NULL,NULL),('050910','Santiago de Paucaray','0509','05',NULL,NULL),('050911','Soras','0509','05',NULL,NULL),('051001','Huancapi','0510','05',NULL,NULL),('051002','Alcamenca','0510','05',NULL,NULL),('051003','Apongo','0510','05',NULL,NULL),('051004','Asquipata','0510','05',NULL,NULL),('051005','Canaria','0510','05',NULL,NULL),('051006','Cayara','0510','05',NULL,NULL),('051007','Colca','0510','05',NULL,NULL),('051008','Huamanquiquia','0510','05',NULL,NULL),('051009','Huancaraylla','0510','05',NULL,NULL),('051010','Hualla','0510','05',NULL,NULL),('051011','Sarhua','0510','05',NULL,NULL),('051012','Vilcanchos','0510','05',NULL,NULL),('051101','Vilcas Huaman','0511','05',NULL,NULL),('051102','Accomarca','0511','05',NULL,NULL),('051103','Carhuanca','0511','05',NULL,NULL),('051104','Concepción','0511','05',NULL,NULL),('051105','Huambalpa','0511','05',NULL,NULL),('051106','Independencia','0511','05',NULL,NULL),('051107','Saurama','0511','05',NULL,NULL),('051108','Vischongo','0511','05',NULL,NULL),('060101','Cajamarca','0601','06',NULL,NULL),('060102','Asunción','0601','06',NULL,NULL),('060103','Chetilla','0601','06',NULL,NULL),('060104','Cospan','0601','06',NULL,NULL),('060105','Encañada','0601','06',NULL,NULL),('060106','Jesús','0601','06',NULL,NULL),('060107','Llacanora','0601','06',NULL,NULL),('060108','Los Baños del Inca','0601','06',NULL,NULL),('060109','Magdalena','0601','06',NULL,NULL),('060110','Matara','0601','06',NULL,NULL),('060111','Namora','0601','06',NULL,NULL),('060112','San Juan','0601','06',NULL,NULL),('060201','Cajabamba','0602','06',NULL,NULL),('060202','Cachachi','0602','06',NULL,NULL),('060203','Condebamba','0602','06',NULL,NULL),('060204','Sitacocha','0602','06',NULL,NULL),('060301','Celendín','0603','06',NULL,NULL),('060302','Chumuch','0603','06',NULL,NULL),('060303','Cortegana','0603','06',NULL,NULL),('060304','Huasmin','0603','06',NULL,NULL),('060305','Jorge Chávez','0603','06',NULL,NULL),('060306','José Gálvez','0603','06',NULL,NULL),('060307','Miguel Iglesias','0603','06',NULL,NULL),('060308','Oxamarca','0603','06',NULL,NULL),('060309','Sorochuco','0603','06',NULL,NULL),('060310','Sucre','0603','06',NULL,NULL),('060311','Utco','0603','06',NULL,NULL),('060312','La Libertad de Pallan','0603','06',NULL,NULL),('060401','Chota','0604','06',NULL,NULL),('060402','Anguia','0604','06',NULL,NULL),('060403','Chadin','0604','06',NULL,NULL),('060404','Chiguirip','0604','06',NULL,NULL),('060405','Chimban','0604','06',NULL,NULL),('060406','Choropampa','0604','06',NULL,NULL),('060407','Cochabamba','0604','06',NULL,NULL),('060408','Conchan','0604','06',NULL,NULL),('060409','Huambos','0604','06',NULL,NULL),('060410','Lajas','0604','06',NULL,NULL),('060411','Llama','0604','06',NULL,NULL),('060412','Miracosta','0604','06',NULL,NULL),('060413','Paccha','0604','06',NULL,NULL),('060414','Pion','0604','06',NULL,NULL),('060415','Querocoto','0604','06',NULL,NULL),('060416','San Juan de Licupis','0604','06',NULL,NULL),('060417','Tacabamba','0604','06',NULL,NULL),('060418','Tocmoche','0604','06',NULL,NULL),('060419','Chalamarca','0604','06',NULL,NULL),('060501','Contumaza','0605','06',NULL,NULL),('060502','Chilete','0605','06',NULL,NULL),('060503','Cupisnique','0605','06',NULL,NULL),('060504','Guzmango','0605','06',NULL,NULL),('060505','San Benito','0605','06',NULL,NULL),('060506','Santa Cruz de Toledo','0605','06',NULL,NULL),('060507','Tantarica','0605','06',NULL,NULL),('060508','Yonan','0605','06',NULL,NULL),('060601','Cutervo','0606','06',NULL,NULL),('060602','Callayuc','0606','06',NULL,NULL),('060603','Choros','0606','06',NULL,NULL),('060604','Cujillo','0606','06',NULL,NULL),('060605','La Ramada','0606','06',NULL,NULL),('060606','Pimpingos','0606','06',NULL,NULL),('060607','Querocotillo','0606','06',NULL,NULL),('060608','San Andrés de Cutervo','0606','06',NULL,NULL),('060609','San Juan de Cutervo','0606','06',NULL,NULL),('060610','San Luis de Lucma','0606','06',NULL,NULL),('060611','Santa Cruz','0606','06',NULL,NULL),('060612','Santo Domingo de la Capilla','0606','06',NULL,NULL),('060613','Santo Tomas','0606','06',NULL,NULL),('060614','Socota','0606','06',NULL,NULL),('060615','Toribio Casanova','0606','06',NULL,NULL),('060701','Bambamarca','0607','06',NULL,NULL),('060702','Chugur','0607','06',NULL,NULL),('060703','Hualgayoc','0607','06',NULL,NULL),('060801','Jaén','0608','06',NULL,NULL),('060802','Bellavista','0608','06',NULL,NULL),('060803','Chontali','0608','06',NULL,NULL),('060804','Colasay','0608','06',NULL,NULL),('060805','Huabal','0608','06',NULL,NULL),('060806','Las Pirias','0608','06',NULL,NULL),('060807','Pomahuaca','0608','06',NULL,NULL),('060808','Pucara','0608','06',NULL,NULL),('060809','Sallique','0608','06',NULL,NULL),('060810','San Felipe','0608','06',NULL,NULL),('060811','San José del Alto','0608','06',NULL,NULL),('060812','Santa Rosa','0608','06',NULL,NULL),('060901','San Ignacio','0609','06',NULL,NULL),('060902','Chirinos','0609','06',NULL,NULL),('060903','Huarango','0609','06',NULL,NULL),('060904','La Coipa','0609','06',NULL,NULL),('060905','Namballe','0609','06',NULL,NULL),('060906','San José de Lourdes','0609','06',NULL,NULL),('060907','Tabaconas','0609','06',NULL,NULL),('061001','Pedro Gálvez','0610','06',NULL,NULL),('061002','Chancay','0610','06',NULL,NULL),('061003','Eduardo Villanueva','0610','06',NULL,NULL),('061004','Gregorio Pita','0610','06',NULL,NULL),('061005','Ichocan','0610','06',NULL,NULL),('061006','José Manuel Quiroz','0610','06',NULL,NULL),('061007','José Sabogal','0610','06',NULL,NULL),('061101','San Miguel','0611','06',NULL,NULL),('061102','Bolívar','0611','06',NULL,NULL),('061103','Calquis','0611','06',NULL,NULL),('061104','Catilluc','0611','06',NULL,NULL),('061105','El Prado','0611','06',NULL,NULL),('061106','La Florida','0611','06',NULL,NULL),('061107','Llapa','0611','06',NULL,NULL),('061108','Nanchoc','0611','06',NULL,NULL),('061109','Niepos','0611','06',NULL,NULL),('061110','San Gregorio','0611','06',NULL,NULL),('061111','San Silvestre de Cochan','0611','06',NULL,NULL),('061112','Tongod','0611','06',NULL,NULL),('061113','Unión Agua Blanca','0611','06',NULL,NULL),('061201','San Pablo','0612','06',NULL,NULL),('061202','San Bernardino','0612','06',NULL,NULL),('061203','San Luis','0612','06',NULL,NULL),('061204','Tumbaden','0612','06',NULL,NULL),('061301','Santa Cruz','0613','06',NULL,NULL),('061302','Andabamba','0613','06',NULL,NULL),('061303','Catache','0613','06',NULL,NULL),('061304','Chancaybaños','0613','06',NULL,NULL),('061305','La Esperanza','0613','06',NULL,NULL),('061306','Ninabamba','0613','06',NULL,NULL),('061307','Pulan','0613','06',NULL,NULL),('061308','Saucepampa','0613','06',NULL,NULL),('061309','Sexi','0613','06',NULL,NULL),('061310','Uticyacu','0613','06',NULL,NULL),('061311','Yauyucan','0613','06',NULL,NULL),('070101','Callao','0701','07',NULL,NULL),('070102','Bellavista','0701','07',NULL,NULL),('070103','Carmen de la Legua Reynoso','0701','07',NULL,NULL),('070104','La Perla','0701','07',NULL,NULL),('070105','La Punta','0701','07',NULL,NULL),('070106','Ventanilla','0701','07',NULL,NULL),('070107','Mi Perú','0701','07',NULL,NULL),('080101','Cusco','0801','08',NULL,NULL),('080102','Ccorca','0801','08',NULL,NULL),('080103','Poroy','0801','08',NULL,NULL),('080104','San Jerónimo','0801','08',NULL,NULL),('080105','San Sebastian','0801','08',NULL,NULL),('080106','Santiago','0801','08',NULL,NULL),('080107','Saylla','0801','08',NULL,NULL),('080108','Wanchaq','0801','08',NULL,NULL),('080201','Acomayo','0802','08',NULL,NULL),('080202','Acopia','0802','08',NULL,NULL),('080203','Acos','0802','08',NULL,NULL),('080204','Mosoc Llacta','0802','08',NULL,NULL),('080205','Pomacanchi','0802','08',NULL,NULL),('080206','Rondocan','0802','08',NULL,NULL),('080207','Sangarara','0802','08',NULL,NULL),('080301','Anta','0803','08',NULL,NULL),('080302','Ancahuasi','0803','08',NULL,NULL),('080303','Cachimayo','0803','08',NULL,NULL),('080304','Chinchaypujio','0803','08',NULL,NULL),('080305','Huarocondo','0803','08',NULL,NULL),('080306','Limatambo','0803','08',NULL,NULL),('080307','Mollepata','0803','08',NULL,NULL),('080308','Pucyura','0803','08',NULL,NULL),('080309','Zurite','0803','08',NULL,NULL),('080401','Calca','0804','08',NULL,NULL),('080402','Coya','0804','08',NULL,NULL),('080403','Lamay','0804','08',NULL,NULL),('080404','Lares','0804','08',NULL,NULL),('080405','Pisac','0804','08',NULL,NULL),('080406','San Salvador','0804','08',NULL,NULL),('080407','Taray','0804','08',NULL,NULL),('080408','Yanatile','0804','08',NULL,NULL),('080501','Yanaoca','0805','08',NULL,NULL),('080502','Checca','0805','08',NULL,NULL),('080503','Kunturkanki','0805','08',NULL,NULL),('080504','Langui','0805','08',NULL,NULL),('080505','Layo','0805','08',NULL,NULL),('080506','Pampamarca','0805','08',NULL,NULL),('080507','Quehue','0805','08',NULL,NULL),('080508','Tupac Amaru','0805','08',NULL,NULL),('080601','Sicuani','0806','08',NULL,NULL),('080602','Checacupe','0806','08',NULL,NULL),('080603','Combapata','0806','08',NULL,NULL),('080604','Marangani','0806','08',NULL,NULL),('080605','Pitumarca','0806','08',NULL,NULL),('080606','San Pablo','0806','08',NULL,NULL),('080607','San Pedro','0806','08',NULL,NULL),('080608','Tinta','0806','08',NULL,NULL),('080701','Santo Tomas','0807','08',NULL,NULL),('080702','Capacmarca','0807','08',NULL,NULL),('080703','Chamaca','0807','08',NULL,NULL),('080704','Colquemarca','0807','08',NULL,NULL),('080705','Livitaca','0807','08',NULL,NULL),('080706','Llusco','0807','08',NULL,NULL),('080707','Quiñota','0807','08',NULL,NULL),('080708','Velille','0807','08',NULL,NULL),('080801','Espinar','0808','08',NULL,NULL),('080802','Condoroma','0808','08',NULL,NULL),('080803','Coporaque','0808','08',NULL,NULL),('080804','Ocoruro','0808','08',NULL,NULL),('080805','Pallpata','0808','08',NULL,NULL),('080806','Pichigua','0808','08',NULL,NULL),('080807','Suyckutambo','0808','08',NULL,NULL),('080808','Alto Pichigua','0808','08',NULL,NULL),('080901','Santa Ana','0809','08',NULL,NULL),('080902','Echarate','0809','08',NULL,NULL),('080903','Huayopata','0809','08',NULL,NULL),('080904','Maranura','0809','08',NULL,NULL),('080905','Ocobamba','0809','08',NULL,NULL),('080906','Quellouno','0809','08',NULL,NULL),('080907','Kimbiri','0809','08',NULL,NULL),('080908','Santa Teresa','0809','08',NULL,NULL),('080909','Vilcabamba','0809','08',NULL,NULL),('080910','Pichari','0809','08',NULL,NULL),('080911','Inkawasi','0809','08',NULL,NULL),('080912','Villa Virgen','0809','08',NULL,NULL),('080913','Villa Kintiarina','0809','08',NULL,NULL),('080914','Megantoni','0809','08',NULL,NULL),('081001','Paruro','0810','08',NULL,NULL),('081002','Accha','0810','08',NULL,NULL),('081003','Ccapi','0810','08',NULL,NULL),('081004','Colcha','0810','08',NULL,NULL),('081005','Huanoquite','0810','08',NULL,NULL),('081006','Omachaç','0810','08',NULL,NULL),('081007','Paccaritambo','0810','08',NULL,NULL),('081008','Pillpinto','0810','08',NULL,NULL),('081009','Yaurisque','0810','08',NULL,NULL),('081101','Paucartambo','0811','08',NULL,NULL),('081102','Caicay','0811','08',NULL,NULL),('081103','Challabamba','0811','08',NULL,NULL),('081104','Colquepata','0811','08',NULL,NULL),('081105','Huancarani','0811','08',NULL,NULL),('081106','Kosñipata','0811','08',NULL,NULL),('081201','Urcos','0812','08',NULL,NULL),('081202','Andahuaylillas','0812','08',NULL,NULL),('081203','Camanti','0812','08',NULL,NULL),('081204','Ccarhuayo','0812','08',NULL,NULL),('081205','Ccatca','0812','08',NULL,NULL),('081206','Cusipata','0812','08',NULL,NULL),('081207','Huaro','0812','08',NULL,NULL),('081208','Lucre','0812','08',NULL,NULL),('081209','Marcapata','0812','08',NULL,NULL),('081210','Ocongate','0812','08',NULL,NULL),('081211','Oropesa','0812','08',NULL,NULL),('081212','Quiquijana','0812','08',NULL,NULL),('081301','Urubamba','0813','08',NULL,NULL),('081302','Chinchero','0813','08',NULL,NULL),('081303','Huayllabamba','0813','08',NULL,NULL),('081304','Machupicchu','0813','08',NULL,NULL),('081305','Maras','0813','08',NULL,NULL),('081306','Ollantaytambo','0813','08',NULL,NULL),('081307','Yucay','0813','08',NULL,NULL),('090101','Huancavelica','0901','09',NULL,NULL),('090102','Acobambilla','0901','09',NULL,NULL),('090103','Acoria','0901','09',NULL,NULL),('090104','Conayca','0901','09',NULL,NULL),('090105','Cuenca','0901','09',NULL,NULL),('090106','Huachocolpa','0901','09',NULL,NULL),('090107','Huayllahuara','0901','09',NULL,NULL),('090108','Izcuchaca','0901','09',NULL,NULL),('090109','Laria','0901','09',NULL,NULL),('090110','Manta','0901','09',NULL,NULL),('090111','Mariscal Cáceres','0901','09',NULL,NULL),('090112','Moya','0901','09',NULL,NULL),('090113','Nuevo Occoro','0901','09',NULL,NULL),('090114','Palca','0901','09',NULL,NULL),('090115','Pilchaca','0901','09',NULL,NULL),('090116','Vilca','0901','09',NULL,NULL),('090117','Yauli','0901','09',NULL,NULL),('090118','Ascensión','0901','09',NULL,NULL),('090119','Huando','0901','09',NULL,NULL),('090201','Acobamba','0902','09',NULL,NULL),('090202','Andabamba','0902','09',NULL,NULL),('090203','Anta','0902','09',NULL,NULL),('090204','Caja','0902','09',NULL,NULL),('090205','Marcas','0902','09',NULL,NULL),('090206','Paucara','0902','09',NULL,NULL),('090207','Pomacocha','0902','09',NULL,NULL),('090208','Rosario','0902','09',NULL,NULL),('090301','Lircay','0903','09',NULL,NULL),('090302','Anchonga','0903','09',NULL,NULL),('090303','Callanmarca','0903','09',NULL,NULL),('090304','Ccochaccasa','0903','09',NULL,NULL),('090305','Chincho','0903','09',NULL,NULL),('090306','Congalla','0903','09',NULL,NULL),('090307','Huanca-Huanca','0903','09',NULL,NULL),('090308','Huayllay Grande','0903','09',NULL,NULL),('090309','Julcamarca','0903','09',NULL,NULL),('090310','San Antonio de Antaparco','0903','09',NULL,NULL),('090311','Santo Tomas de Pata','0903','09',NULL,NULL),('090312','Secclla','0903','09',NULL,NULL),('090401','Castrovirreyna','0904','09',NULL,NULL),('090402','Arma','0904','09',NULL,NULL),('090403','Aurahua','0904','09',NULL,NULL),('090404','Capillas','0904','09',NULL,NULL),('090405','Chupamarca','0904','09',NULL,NULL),('090406','Cocas','0904','09',NULL,NULL),('090407','Huachos','0904','09',NULL,NULL),('090408','Huamatambo','0904','09',NULL,NULL),('090409','Mollepampa','0904','09',NULL,NULL),('090410','San Juan','0904','09',NULL,NULL),('090411','Santa Ana','0904','09',NULL,NULL),('090412','Tantara','0904','09',NULL,NULL),('090413','Ticrapo','0904','09',NULL,NULL),('090501','Churcampa','0905','09',NULL,NULL),('090502','Anco','0905','09',NULL,NULL),('090503','Chinchihuasi','0905','09',NULL,NULL),('090504','El Carmen','0905','09',NULL,NULL),('090505','La Merced','0905','09',NULL,NULL),('090506','Locroja','0905','09',NULL,NULL),('090507','Paucarbamba','0905','09',NULL,NULL),('090508','San Miguel de Mayocc','0905','09',NULL,NULL),('090509','San Pedro de Coris','0905','09',NULL,NULL),('090510','Pachamarca','0905','09',NULL,NULL),('090511','Cosme','0905','09',NULL,NULL),('090601','Huaytara','0906','09',NULL,NULL),('090602','Ayavi','0906','09',NULL,NULL),('090603','Córdova','0906','09',NULL,NULL),('090604','Huayacundo Arma','0906','09',NULL,NULL),('090605','Laramarca','0906','09',NULL,NULL),('090606','Ocoyo','0906','09',NULL,NULL),('090607','Pilpichaca','0906','09',NULL,NULL),('090608','Querco','0906','09',NULL,NULL),('090609','Quito-Arma','0906','09',NULL,NULL),('090610','San Antonio de Cusicancha','0906','09',NULL,NULL),('090611','San Francisco de Sangayaico','0906','09',NULL,NULL),('090612','San Isidro','0906','09',NULL,NULL),('090613','Santiago de Chocorvos','0906','09',NULL,NULL),('090614','Santiago de Quirahuara','0906','09',NULL,NULL),('090615','Santo Domingo de Capillas','0906','09',NULL,NULL),('090616','Tambo','0906','09',NULL,NULL),('090701','Pampas','0907','09',NULL,NULL),('090702','Acostambo','0907','09',NULL,NULL),('090703','Acraquia','0907','09',NULL,NULL),('090704','Ahuaycha','0907','09',NULL,NULL),('090705','Colcabamba','0907','09',NULL,NULL),('090706','Daniel Hernández','0907','09',NULL,NULL),('090707','Huachocolpa','0907','09',NULL,NULL),('090709','Huaribamba','0907','09',NULL,NULL),('090710','Ñahuimpuquio','0907','09',NULL,NULL),('090711','Pazos','0907','09',NULL,NULL),('090713','Quishuar','0907','09',NULL,NULL),('090714','Salcabamba','0907','09',NULL,NULL),('090715','Salcahuasi','0907','09',NULL,NULL),('090716','San Marcos de Rocchac','0907','09',NULL,NULL),('090717','Surcubamba','0907','09',NULL,NULL),('090718','Tintay Puncu','0907','09',NULL,NULL),('090719','Quichuas','0907','09',NULL,NULL),('090720','Andaymarca','0907','09',NULL,NULL),('090721','Roble','0907','09',NULL,NULL),('090722','Pichos','0907','09',NULL,NULL),('090723','Santiago de Tucuma','0907','09',NULL,NULL),('100101','Huanuco','1001','10',NULL,NULL),('100102','Amarilis','1001','10',NULL,NULL),('100103','Chinchao','1001','10',NULL,NULL),('100104','Churubamba','1001','10',NULL,NULL),('100105','Margos','1001','10',NULL,NULL),('100106','Quisqui (Kichki)','1001','10',NULL,NULL),('100107','San Francisco de Cayran','1001','10',NULL,NULL),('100108','San Pedro de Chaulan','1001','10',NULL,NULL),('100109','Santa María del Valle','1001','10',NULL,NULL),('100110','Yarumayo','1001','10',NULL,NULL),('100111','Pillco Marca','1001','10',NULL,NULL),('100112','Yacus','1001','10',NULL,NULL),('100113','San Pablo de Pillao','1001','10',NULL,NULL),('100201','Ambo','1002','10',NULL,NULL),('100202','Cayna','1002','10',NULL,NULL),('100203','Colpas','1002','10',NULL,NULL),('100204','Conchamarca','1002','10',NULL,NULL),('100205','Huacar','1002','10',NULL,NULL),('100206','San Francisco','1002','10',NULL,NULL),('100207','San Rafael','1002','10',NULL,NULL),('100208','Tomay Kichwa','1002','10',NULL,NULL),('100301','La Unión','1003','10',NULL,NULL),('100307','Chuquis','1003','10',NULL,NULL),('100311','Marías','1003','10',NULL,NULL),('100313','Pachas','1003','10',NULL,NULL),('100316','Quivilla','1003','10',NULL,NULL),('100317','Ripan','1003','10',NULL,NULL),('100321','Shunqui','1003','10',NULL,NULL),('100322','Sillapata','1003','10',NULL,NULL),('100323','Yanas','1003','10',NULL,NULL),('100401','Huacaybamba','1004','10',NULL,NULL),('100402','Canchabamba','1004','10',NULL,NULL),('100403','Cochabamba','1004','10',NULL,NULL),('100404','Pinra','1004','10',NULL,NULL),('100501','Llata','1005','10',NULL,NULL),('100502','Arancay','1005','10',NULL,NULL),('100503','Chavín de Pariarca','1005','10',NULL,NULL),('100504','Jacas Grande','1005','10',NULL,NULL),('100505','Jircan','1005','10',NULL,NULL),('100506','Miraflores','1005','10',NULL,NULL),('100507','Monzón','1005','10',NULL,NULL),('100508','Punchao','1005','10',NULL,NULL),('100509','Puños','1005','10',NULL,NULL),('100510','Singa','1005','10',NULL,NULL),('100511','Tantamayo','1005','10',NULL,NULL),('100601','Rupa-Rupa','1006','10',NULL,NULL),('100602','Daniel Alomía Robles','1006','10',NULL,NULL),('100603','Hermílio Valdizan','1006','10',NULL,NULL),('100604','José Crespo y Castillo','1006','10',NULL,NULL),('100605','Luyando','1006','10',NULL,NULL),('100606','Mariano Damaso Beraun','1006','10',NULL,NULL),('100607','Pucayacu','1006','10',NULL,NULL),('100608','Castillo Grande','1006','10',NULL,NULL),('100609','Pueblo Nuevo','1006','10',NULL,NULL),('100610','Santo Domingo de Anda','1006','10',NULL,NULL),('100701','Huacrachuco','1007','10',NULL,NULL),('100702','Cholon','1007','10',NULL,NULL),('100703','San Buenaventura','1007','10',NULL,NULL),('100704','La Morada','1007','10',NULL,NULL),('100705','Santa Rosa de Alto Yanajanca','1007','10',NULL,NULL),('100801','Panao','1008','10',NULL,NULL),('100802','Chaglla','1008','10',NULL,NULL),('100803','Molino','1008','10',NULL,NULL),('100804','Umari','1008','10',NULL,NULL),('100901','Puerto Inca','1009','10',NULL,NULL),('100902','Codo del Pozuzo','1009','10',NULL,NULL),('100903','Honoria','1009','10',NULL,NULL),('100904','Tournavista','1009','10',NULL,NULL),('100905','Yuyapichis','1009','10',NULL,NULL),('101001','Jesús','1010','10',NULL,NULL),('101002','Baños','1010','10',NULL,NULL),('101003','Jivia','1010','10',NULL,NULL),('101004','Queropalca','1010','10',NULL,NULL),('101005','Rondos','1010','10',NULL,NULL),('101006','San Francisco de Asís','1010','10',NULL,NULL),('101007','San Miguel de Cauri','1010','10',NULL,NULL),('101101','Chavinillo','1011','10',NULL,NULL),('101102','Cahuac','1011','10',NULL,NULL),('101103','Chacabamba','1011','10',NULL,NULL),('101104','Aparicio Pomares','1011','10',NULL,NULL),('101105','Jacas Chico','1011','10',NULL,NULL),('101106','Obas','1011','10',NULL,NULL),('101107','Pampamarca','1011','10',NULL,NULL),('101108','Choras','1011','10',NULL,NULL),('110101','Ica','1101','11',NULL,NULL),('110102','La Tinguiña','1101','11',NULL,NULL),('110103','Los Aquijes','1101','11',NULL,NULL),('110104','Ocucaje','1101','11',NULL,NULL),('110105','Pachacutec','1101','11',NULL,NULL),('110106','Parcona','1101','11',NULL,NULL),('110107','Pueblo Nuevo','1101','11',NULL,NULL),('110108','Salas','1101','11',NULL,NULL),('110109','San José de Los Molinos','1101','11',NULL,NULL),('110110','San Juan Bautista','1101','11',NULL,NULL),('110111','Santiago','1101','11',NULL,NULL),('110112','Subtanjalla','1101','11',NULL,NULL),('110113','Tate','1101','11',NULL,NULL),('110114','Yauca del Rosario','1101','11',NULL,NULL),('110201','Chincha Alta','1102','11',NULL,NULL),('110202','Alto Laran','1102','11',NULL,NULL),('110203','Chavin','1102','11',NULL,NULL),('110204','Chincha Baja','1102','11',NULL,NULL),('110205','El Carmen','1102','11',NULL,NULL),('110206','Grocio Prado','1102','11',NULL,NULL),('110207','Pueblo Nuevo','1102','11',NULL,NULL),('110208','San Juan de Yanac','1102','11',NULL,NULL),('110209','San Pedro de Huacarpana','1102','11',NULL,NULL),('110210','Sunampe','1102','11',NULL,NULL),('110211','Tambo de Mora','1102','11',NULL,NULL),('110301','Nasca','1103','11',NULL,NULL),('110302','Changuillo','1103','11',NULL,NULL),('110303','El Ingenio','1103','11',NULL,NULL),('110304','Marcona','1103','11',NULL,NULL),('110305','Vista Alegre','1103','11',NULL,NULL),('110401','Palpa','1104','11',NULL,NULL),('110402','Llipata','1104','11',NULL,NULL),('110403','Río Grande','1104','11',NULL,NULL),('110404','Santa Cruz','1104','11',NULL,NULL),('110405','Tibillo','1104','11',NULL,NULL),('110501','Pisco','1105','11',NULL,NULL),('110502','Huancano','1105','11',NULL,NULL),('110503','Humay','1105','11',NULL,NULL),('110504','Independencia','1105','11',NULL,NULL),('110505','Paracas','1105','11',NULL,NULL),('110506','San Andrés','1105','11',NULL,NULL),('110507','San Clemente','1105','11',NULL,NULL),('110508','Tupac Amaru Inca','1105','11',NULL,NULL),('120101','Huancayo','1201','12',NULL,NULL),('120104','Carhuacallanga','1201','12',NULL,NULL),('120105','Chacapampa','1201','12',NULL,NULL),('120106','Chicche','1201','12',NULL,NULL),('120107','Chilca','1201','12',NULL,NULL),('120108','Chongos Alto','1201','12',NULL,NULL),('120111','Chupuro','1201','12',NULL,NULL),('120112','Colca','1201','12',NULL,NULL),('120113','Cullhuas','1201','12',NULL,NULL),('120114','El Tambo','1201','12',NULL,NULL),('120116','Huacrapuquio','1201','12',NULL,NULL),('120117','Hualhuas','1201','12',NULL,NULL),('120119','Huancan','1201','12',NULL,NULL),('120120','Huasicancha','1201','12',NULL,NULL),('120121','Huayucachi','1201','12',NULL,NULL),('120122','Ingenio','1201','12',NULL,NULL),('120124','Pariahuanca','1201','12',NULL,NULL),('120125','Pilcomayo','1201','12',NULL,NULL),('120126','Pucara','1201','12',NULL,NULL),('120127','Quichuay','1201','12',NULL,NULL),('120128','Quilcas','1201','12',NULL,NULL),('120129','San Agustín','1201','12',NULL,NULL),('120130','San Jerónimo de Tunan','1201','12',NULL,NULL),('120132','Saño','1201','12',NULL,NULL),('120133','Sapallanga','1201','12',NULL,NULL),('120134','Sicaya','1201','12',NULL,NULL),('120135','Santo Domingo de Acobamba','1201','12',NULL,NULL),('120136','Viques','1201','12',NULL,NULL),('120201','Concepción','1202','12',NULL,NULL),('120202','Aco','1202','12',NULL,NULL),('120203','Andamarca','1202','12',NULL,NULL),('120204','Chambara','1202','12',NULL,NULL),('120205','Cochas','1202','12',NULL,NULL),('120206','Comas','1202','12',NULL,NULL),('120207','Heroínas Toledo','1202','12',NULL,NULL),('120208','Manzanares','1202','12',NULL,NULL),('120209','Mariscal Castilla','1202','12',NULL,NULL),('120210','Matahuasi','1202','12',NULL,NULL),('120211','Mito','1202','12',NULL,NULL),('120212','Nueve de Julio','1202','12',NULL,NULL),('120213','Orcotuna','1202','12',NULL,NULL),('120214','San José de Quero','1202','12',NULL,NULL),('120215','Santa Rosa de Ocopa','1202','12',NULL,NULL),('120301','Chanchamayo','1203','12',NULL,NULL),('120302','Perene','1203','12',NULL,NULL),('120303','Pichanaqui','1203','12',NULL,NULL),('120304','San Luis de Shuaro','1203','12',NULL,NULL),('120305','San Ramón','1203','12',NULL,NULL),('120306','Vitoc','1203','12',NULL,NULL),('120401','Jauja','1204','12',NULL,NULL),('120402','Acolla','1204','12',NULL,NULL),('120403','Apata','1204','12',NULL,NULL),('120404','Ataura','1204','12',NULL,NULL),('120405','Canchayllo','1204','12',NULL,NULL),('120406','Curicaca','1204','12',NULL,NULL),('120407','El Mantaro','1204','12',NULL,NULL),('120408','Huamali','1204','12',NULL,NULL),('120409','Huaripampa','1204','12',NULL,NULL),('120410','Huertas','1204','12',NULL,NULL),('120411','Janjaillo','1204','12',NULL,NULL),('120412','Julcán','1204','12',NULL,NULL),('120413','Leonor Ordóñez','1204','12',NULL,NULL),('120414','Llocllapampa','1204','12',NULL,NULL),('120415','Marco','1204','12',NULL,NULL),('120416','Masma','1204','12',NULL,NULL),('120417','Masma Chicche','1204','12',NULL,NULL),('120418','Molinos','1204','12',NULL,NULL),('120419','Monobamba','1204','12',NULL,NULL),('120420','Muqui','1204','12',NULL,NULL),('120421','Muquiyauyo','1204','12',NULL,NULL),('120422','Paca','1204','12',NULL,NULL),('120423','Paccha','1204','12',NULL,NULL),('120424','Pancan','1204','12',NULL,NULL),('120425','Parco','1204','12',NULL,NULL),('120426','Pomacancha','1204','12',NULL,NULL),('120427','Ricran','1204','12',NULL,NULL),('120428','San Lorenzo','1204','12',NULL,NULL),('120429','San Pedro de Chunan','1204','12',NULL,NULL),('120430','Sausa','1204','12',NULL,NULL),('120431','Sincos','1204','12',NULL,NULL),('120432','Tunan Marca','1204','12',NULL,NULL),('120433','Yauli','1204','12',NULL,NULL),('120434','Yauyos','1204','12',NULL,NULL),('120501','Junin','1205','12',NULL,NULL),('120502','Carhuamayo','1205','12',NULL,NULL),('120503','Ondores','1205','12',NULL,NULL),('120504','Ulcumayo','1205','12',NULL,NULL),('120601','Satipo','1206','12',NULL,NULL),('120602','Coviriali','1206','12',NULL,NULL),('120603','Llaylla','1206','12',NULL,NULL),('120604','Mazamari','1206','12',NULL,NULL),('120605','Pampa Hermosa','1206','12',NULL,NULL),('120606','Pangoa','1206','12',NULL,NULL),('120607','Río Negro','1206','12',NULL,NULL),('120608','Río Tambo','1206','12',NULL,NULL),('120609','Vizcatan del Ene','1206','12',NULL,NULL),('120701','Tarma','1207','12',NULL,NULL),('120702','Acobamba','1207','12',NULL,NULL),('120703','Huaricolca','1207','12',NULL,NULL),('120704','Huasahuasi','1207','12',NULL,NULL),('120705','La Unión','1207','12',NULL,NULL),('120706','Palca','1207','12',NULL,NULL),('120707','Palcamayo','1207','12',NULL,NULL),('120708','San Pedro de Cajas','1207','12',NULL,NULL),('120709','Tapo','1207','12',NULL,NULL),('120801','La Oroya','1208','12',NULL,NULL),('120802','Chacapalpa','1208','12',NULL,NULL),('120803','Huay-Huay','1208','12',NULL,NULL),('120804','Marcapomacocha','1208','12',NULL,NULL),('120805','Morococha','1208','12',NULL,NULL),('120806','Paccha','1208','12',NULL,NULL),('120807','Santa Bárbara de Carhuacayan','1208','12',NULL,NULL),('120808','Santa Rosa de Sacco','1208','12',NULL,NULL),('120809','Suitucancha','1208','12',NULL,NULL),('120810','Yauli','1208','12',NULL,NULL),('120901','Chupaca','1209','12',NULL,NULL),('120902','Ahuac','1209','12',NULL,NULL),('120903','Chongos Bajo','1209','12',NULL,NULL),('120904','Huachac','1209','12',NULL,NULL),('120905','Huamancaca Chico','1209','12',NULL,NULL),('120906','San Juan de Iscos','1209','12',NULL,NULL),('120907','San Juan de Jarpa','1209','12',NULL,NULL),('120908','Tres de Diciembre','1209','12',NULL,NULL),('120909','Yanacancha','1209','12',NULL,NULL),('130101','Trujillo','1301','13',NULL,NULL),('130102','El Porvenir','1301','13',NULL,NULL),('130103','Florencia de Mora','1301','13',NULL,NULL),('130104','Huanchaco','1301','13',NULL,NULL),('130105','La Esperanza','1301','13',NULL,NULL),('130106','Laredo','1301','13',NULL,NULL),('130107','Moche','1301','13',NULL,NULL),('130108','Poroto','1301','13',NULL,NULL),('130109','Salaverry','1301','13',NULL,NULL),('130110','Simbal','1301','13',NULL,NULL),('130111','Victor Larco Herrera','1301','13',NULL,NULL),('130201','Ascope','1302','13',NULL,NULL),('130202','Chicama','1302','13',NULL,NULL),('130203','Chocope','1302','13',NULL,NULL),('130204','Magdalena de Cao','1302','13',NULL,NULL),('130205','Paijan','1302','13',NULL,NULL),('130206','Rázuri','1302','13',NULL,NULL),('130207','Santiago de Cao','1302','13',NULL,NULL),('130208','Casa Grande','1302','13',NULL,NULL),('130301','Bolívar','1303','13',NULL,NULL),('130302','Bambamarca','1303','13',NULL,NULL),('130303','Condormarca','1303','13',NULL,NULL),('130304','Longotea','1303','13',NULL,NULL),('130305','Uchumarca','1303','13',NULL,NULL),('130306','Ucuncha','1303','13',NULL,NULL),('130401','Chepen','1304','13',NULL,NULL),('130402','Pacanga','1304','13',NULL,NULL),('130403','Pueblo Nuevo','1304','13',NULL,NULL),('130501','Julcan','1305','13',NULL,NULL),('130502','Calamarca','1305','13',NULL,NULL),('130503','Carabamba','1305','13',NULL,NULL),('130504','Huaso','1305','13',NULL,NULL),('130601','Otuzco','1306','13',NULL,NULL),('130602','Agallpampa','1306','13',NULL,NULL),('130604','Charat','1306','13',NULL,NULL),('130605','Huaranchal','1306','13',NULL,NULL),('130606','La Cuesta','1306','13',NULL,NULL),('130608','Mache','1306','13',NULL,NULL),('130610','Paranday','1306','13',NULL,NULL),('130611','Salpo','1306','13',NULL,NULL),('130613','Sinsicap','1306','13',NULL,NULL),('130614','Usquil','1306','13',NULL,NULL),('130701','San Pedro de Lloc','1307','13',NULL,NULL),('130702','Guadalupe','1307','13',NULL,NULL),('130703','Jequetepeque','1307','13',NULL,NULL),('130704','Pacasmayo','1307','13',NULL,NULL),('130705','San José','1307','13',NULL,NULL),('130801','Tayabamba','1308','13',NULL,NULL),('130802','Buldibuyo','1308','13',NULL,NULL),('130803','Chillia','1308','13',NULL,NULL),('130804','Huancaspata','1308','13',NULL,NULL),('130805','Huaylillas','1308','13',NULL,NULL),('130806','Huayo','1308','13',NULL,NULL),('130807','Ongon','1308','13',NULL,NULL),('130808','Parcoy','1308','13',NULL,NULL),('130809','Pataz','1308','13',NULL,NULL),('130810','Pias','1308','13',NULL,NULL),('130811','Santiago de Challas','1308','13',NULL,NULL),('130812','Taurija','1308','13',NULL,NULL),('130813','Urpay','1308','13',NULL,NULL),('130901','Huamachuco','1309','13',NULL,NULL),('130902','Chugay','1309','13',NULL,NULL),('130903','Cochorco','1309','13',NULL,NULL),('130904','Curgos','1309','13',NULL,NULL),('130905','Marcabal','1309','13',NULL,NULL),('130906','Sanagoran','1309','13',NULL,NULL),('130907','Sarin','1309','13',NULL,NULL),('130908','Sartimbamba','1309','13',NULL,NULL),('131001','Santiago de Chuco','1310','13',NULL,NULL),('131002','Angasmarca','1310','13',NULL,NULL),('131003','Cachicadan','1310','13',NULL,NULL),('131004','Mollebamba','1310','13',NULL,NULL),('131005','Mollepata','1310','13',NULL,NULL),('131006','Quiruvilca','1310','13',NULL,NULL),('131007','Santa Cruz de Chuca','1310','13',NULL,NULL),('131008','Sitabamba','1310','13',NULL,NULL),('131101','Cascas','1311','13',NULL,NULL),('131102','Lucma','1311','13',NULL,NULL),('131103','Marmot','1311','13',NULL,NULL),('131104','Sayapullo','1311','13',NULL,NULL),('131201','Viru','1312','13',NULL,NULL),('131202','Chao','1312','13',NULL,NULL),('131203','Guadalupito','1312','13',NULL,NULL),('140101','Chiclayo','1401','14',NULL,NULL),('140102','Chongoyape','1401','14',NULL,NULL),('140103','Eten','1401','14',NULL,NULL),('140104','Eten Puerto','1401','14',NULL,NULL),('140105','José Leonardo Ortiz','1401','14',NULL,NULL),('140106','La Victoria','1401','14',NULL,NULL),('140107','Lagunas','1401','14',NULL,NULL),('140108','Monsefu','1401','14',NULL,NULL),('140109','Nueva Arica','1401','14',NULL,NULL),('140110','Oyotun','1401','14',NULL,NULL),('140111','Picsi','1401','14',NULL,NULL),('140112','Pimentel','1401','14',NULL,NULL),('140113','Reque','1401','14',NULL,NULL),('140114','Santa Rosa','1401','14',NULL,NULL),('140115','Saña','1401','14',NULL,NULL),('140116','Cayalti','1401','14',NULL,NULL),('140117','Patapo','1401','14',NULL,NULL),('140118','Pomalca','1401','14',NULL,NULL),('140119','Pucala','1401','14',NULL,NULL),('140120','Tuman','1401','14',NULL,NULL),('140201','Ferreñafe','1402','14',NULL,NULL),('140202','Cañaris','1402','14',NULL,NULL),('140203','Incahuasi','1402','14',NULL,NULL),('140204','Manuel Antonio Mesones Muro','1402','14',NULL,NULL),('140205','Pitipo','1402','14',NULL,NULL),('140206','Pueblo Nuevo','1402','14',NULL,NULL),('140301','Lambayeque','1403','14',NULL,NULL),('140302','Chochope','1403','14',NULL,NULL),('140303','Illimo','1403','14',NULL,NULL),('140304','Jayanca','1403','14',NULL,NULL),('140305','Mochumi','1403','14',NULL,NULL),('140306','Morrope','1403','14',NULL,NULL),('140307','Motupe','1403','14',NULL,NULL),('140308','Olmos','1403','14',NULL,NULL),('140309','Pacora','1403','14',NULL,NULL),('140310','Salas','1403','14',NULL,NULL),('140311','San José','1403','14',NULL,NULL),('140312','Tucume','1403','14',NULL,NULL),('150101','Lima','1501','15',NULL,NULL),('150102','Ancón','1501','15',NULL,NULL),('150103','Ate','1501','15',NULL,NULL),('150104','Barranco','1501','15',NULL,NULL),('150105','Breña','1501','15',NULL,NULL),('150106','Carabayllo','1501','15',NULL,NULL),('150107','Chaclacayo','1501','15',NULL,NULL),('150108','Chorrillos','1501','15',NULL,NULL),('150109','Cieneguilla','1501','15',NULL,NULL),('150110','Comas','1501','15',NULL,NULL),('150111','El Agustino','1501','15',NULL,NULL),('150112','Independencia','1501','15',NULL,NULL),('150113','Jesús María','1501','15',NULL,NULL),('150114','La Molina','1501','15',NULL,NULL),('150115','La Victoria','1501','15',NULL,NULL),('150116','Lince','1501','15',NULL,NULL),('150117','Los Olivos','1501','15',NULL,NULL),('150118','Lurigancho','1501','15',NULL,NULL),('150119','Lurin','1501','15',NULL,NULL),('150120','Magdalena del Mar','1501','15',NULL,NULL),('150121','Pueblo Libre','1501','15',NULL,NULL),('150122','Miraflores','1501','15',NULL,NULL),('150123','Pachacamac','1501','15',NULL,NULL),('150124','Pucusana','1501','15',NULL,NULL),('150125','Puente Piedra','1501','15',NULL,NULL),('150126','Punta Hermosa','1501','15',NULL,NULL),('150127','Punta Negra','1501','15',NULL,NULL),('150128','Rímac','1501','15',NULL,NULL),('150129','San Bartolo','1501','15',NULL,NULL),('150130','San Borja','1501','15',NULL,NULL),('150131','San Isidro','1501','15',NULL,NULL),('150132','San Juan de Lurigancho','1501','15',NULL,NULL),('150133','San Juan de Miraflores','1501','15',NULL,NULL),('150134','San Luis','1501','15',NULL,NULL),('150135','San Martín de Porres','1501','15',NULL,NULL),('150136','San Miguel','1501','15',NULL,NULL),('150137','Santa Anita','1501','15',NULL,NULL),('150138','Santa María del Mar','1501','15',NULL,NULL),('150139','Santa Rosa','1501','15',NULL,NULL),('150140','Santiago de Surco','1501','15',NULL,NULL),('150141','Surquillo','1501','15',NULL,NULL),('150142','Villa El Salvador','1501','15',NULL,NULL),('150143','Villa María del Triunfo','1501','15',NULL,NULL),('150201','Barranca','1502','15',NULL,NULL),('150202','Paramonga','1502','15',NULL,NULL),('150203','Pativilca','1502','15',NULL,NULL),('150204','Supe','1502','15',NULL,NULL),('150205','Supe Puerto','1502','15',NULL,NULL),('150301','Cajatambo','1503','15',NULL,NULL),('150302','Copa','1503','15',NULL,NULL),('150303','Gorgor','1503','15',NULL,NULL),('150304','Huancapon','1503','15',NULL,NULL),('150305','Manas','1503','15',NULL,NULL),('150401','Canta','1504','15',NULL,NULL),('150402','Arahuay','1504','15',NULL,NULL),('150403','Huamantanga','1504','15',NULL,NULL),('150404','Huaros','1504','15',NULL,NULL),('150405','Lachaqui','1504','15',NULL,NULL),('150406','San Buenaventura','1504','15',NULL,NULL),('150407','Santa Rosa de Quives','1504','15',NULL,NULL),('150501','San Vicente de Cañete','1505','15',NULL,NULL),('150502','Asia','1505','15',NULL,NULL),('150503','Calango','1505','15',NULL,NULL),('150504','Cerro Azul','1505','15',NULL,NULL),('150505','Chilca','1505','15',NULL,NULL),('150506','Coayllo','1505','15',NULL,NULL),('150507','Imperial','1505','15',NULL,NULL),('150508','Lunahuana','1505','15',NULL,NULL),('150509','Mala','1505','15',NULL,NULL),('150510','Nuevo Imperial','1505','15',NULL,NULL),('150511','Pacaran','1505','15',NULL,NULL),('150512','Quilmana','1505','15',NULL,NULL),('150513','San Antonio','1505','15',NULL,NULL),('150514','San Luis','1505','15',NULL,NULL),('150515','Santa Cruz de Flores','1505','15',NULL,NULL),('150516','Zúñiga','1505','15',NULL,NULL),('150601','Huaral','1506','15',NULL,NULL),('150602','Atavillos Alto','1506','15',NULL,NULL),('150603','Atavillos Bajo','1506','15',NULL,NULL),('150604','Aucallama','1506','15',NULL,NULL),('150605','Chancay','1506','15',NULL,NULL),('150606','Ihuari','1506','15',NULL,NULL),('150607','Lampian','1506','15',NULL,NULL),('150608','Pacaraos','1506','15',NULL,NULL),('150609','San Miguel de Acos','1506','15',NULL,NULL),('150610','Santa Cruz de Andamarca','1506','15',NULL,NULL),('150611','Sumbilca','1506','15',NULL,NULL),('150612','Veintisiete de Noviembre','1506','15',NULL,NULL),('150701','Matucana','1507','15',NULL,NULL),('150702','Antioquia','1507','15',NULL,NULL),('150703','Callahuanca','1507','15',NULL,NULL),('150704','Carampoma','1507','15',NULL,NULL),('150705','Chicla','1507','15',NULL,NULL),('150706','Cuenca','1507','15',NULL,NULL),('150707','Huachupampa','1507','15',NULL,NULL),('150708','Huanza','1507','15',NULL,NULL),('150709','Huarochiri','1507','15',NULL,NULL),('150710','Lahuaytambo','1507','15',NULL,NULL),('150711','Langa','1507','15',NULL,NULL),('150712','Laraos','1507','15',NULL,NULL),('150713','Mariatana','1507','15',NULL,NULL),('150714','Ricardo Palma','1507','15',NULL,NULL),('150715','San Andrés de Tupicocha','1507','15',NULL,NULL),('150716','San Antonio','1507','15',NULL,NULL),('150717','San Bartolomé','1507','15',NULL,NULL),('150718','San Damian','1507','15',NULL,NULL),('150719','San Juan de Iris','1507','15',NULL,NULL),('150720','San Juan de Tantaranche','1507','15',NULL,NULL),('150721','San Lorenzo de Quinti','1507','15',NULL,NULL),('150722','San Mateo','1507','15',NULL,NULL),('150723','San Mateo de Otao','1507','15',NULL,NULL),('150724','San Pedro de Casta','1507','15',NULL,NULL),('150725','San Pedro de Huancayre','1507','15',NULL,NULL),('150726','Sangallaya','1507','15',NULL,NULL),('150727','Santa Cruz de Cocachacra','1507','15',NULL,NULL),('150728','Santa Eulalia','1507','15',NULL,NULL),('150729','Santiago de Anchucaya','1507','15',NULL,NULL),('150730','Santiago de Tuna','1507','15',NULL,NULL),('150731','Santo Domingo de Los Olleros','1507','15',NULL,NULL),('150732','Surco','1507','15',NULL,NULL),('150801','Huacho','1508','15',NULL,NULL),('150802','Ambar','1508','15',NULL,NULL),('150803','Caleta de Carquin','1508','15',NULL,NULL),('150804','Checras','1508','15',NULL,NULL),('150805','Hualmay','1508','15',NULL,NULL),('150806','Huaura','1508','15',NULL,NULL),('150807','Leoncio Prado','1508','15',NULL,NULL),('150808','Paccho','1508','15',NULL,NULL),('150809','Santa Leonor','1508','15',NULL,NULL),('150810','Santa María','1508','15',NULL,NULL),('150811','Sayan','1508','15',NULL,NULL),('150812','Vegueta','1508','15',NULL,NULL),('150901','Oyon','1509','15',NULL,NULL),('150902','Andajes','1509','15',NULL,NULL),('150903','Caujul','1509','15',NULL,NULL),('150904','Cochamarca','1509','15',NULL,NULL),('150905','Navan','1509','15',NULL,NULL),('150906','Pachangara','1509','15',NULL,NULL),('151001','Yauyos','1510','15',NULL,NULL),('151002','Alis','1510','15',NULL,NULL),('151003','Allauca','1510','15',NULL,NULL),('151004','Ayaviri','1510','15',NULL,NULL),('151005','Azángaro','1510','15',NULL,NULL),('151006','Cacra','1510','15',NULL,NULL),('151007','Carania','1510','15',NULL,NULL),('151008','Catahuasi','1510','15',NULL,NULL),('151009','Chocos','1510','15',NULL,NULL),('151010','Cochas','1510','15',NULL,NULL),('151011','Colonia','1510','15',NULL,NULL),('151012','Hongos','1510','15',NULL,NULL),('151013','Huampara','1510','15',NULL,NULL),('151014','Huancaya','1510','15',NULL,NULL),('151015','Huangascar','1510','15',NULL,NULL),('151016','Huantan','1510','15',NULL,NULL),('151017','Huañec','1510','15',NULL,NULL),('151018','Laraos','1510','15',NULL,NULL),('151019','Lincha','1510','15',NULL,NULL),('151020','Madean','1510','15',NULL,NULL),('151021','Miraflores','1510','15',NULL,NULL),('151022','Omas','1510','15',NULL,NULL),('151023','Putinza','1510','15',NULL,NULL),('151024','Quinches','1510','15',NULL,NULL),('151025','Quinocay','1510','15',NULL,NULL),('151026','San Joaquín','1510','15',NULL,NULL),('151027','San Pedro de Pilas','1510','15',NULL,NULL),('151028','Tanta','1510','15',NULL,NULL),('151029','Tauripampa','1510','15',NULL,NULL),('151030','Tomas','1510','15',NULL,NULL),('151031','Tupe','1510','15',NULL,NULL),('151032','Viñac','1510','15',NULL,NULL),('151033','Vitis','1510','15',NULL,NULL),('160101','Iquitos','1601','16',NULL,NULL),('160102','Alto Nanay','1601','16',NULL,NULL),('160103','Fernando Lores','1601','16',NULL,NULL),('160104','Indiana','1601','16',NULL,NULL),('160105','Las Amazonas','1601','16',NULL,NULL),('160106','Mazan','1601','16',NULL,NULL),('160107','Napo','1601','16',NULL,NULL),('160108','Punchana','1601','16',NULL,NULL),('160110','Torres Causana','1601','16',NULL,NULL),('160112','Belén','1601','16',NULL,NULL),('160113','San Juan Bautista','1601','16',NULL,NULL),('160201','Yurimaguas','1602','16',NULL,NULL),('160202','Balsapuerto','1602','16',NULL,NULL),('160205','Jeberos','1602','16',NULL,NULL),('160206','Lagunas','1602','16',NULL,NULL),('160210','Santa Cruz','1602','16',NULL,NULL),('160211','Teniente Cesar López Rojas','1602','16',NULL,NULL),('160301','Nauta','1603','16',NULL,NULL),('160302','Parinari','1603','16',NULL,NULL),('160303','Tigre','1603','16',NULL,NULL),('160304','Trompeteros','1603','16',NULL,NULL),('160305','Urarinas','1603','16',NULL,NULL),('160401','Ramón Castilla','1604','16',NULL,NULL),('160402','Pebas','1604','16',NULL,NULL),('160403','Yavari','1604','16',NULL,NULL),('160404','San Pablo','1604','16',NULL,NULL),('160501','Requena','1605','16',NULL,NULL),('160502','Alto Tapiche','1605','16',NULL,NULL),('160503','Capelo','1605','16',NULL,NULL),('160504','Emilio San Martín','1605','16',NULL,NULL),('160505','Maquia','1605','16',NULL,NULL),('160506','Puinahua','1605','16',NULL,NULL),('160507','Saquena','1605','16',NULL,NULL),('160508','Soplin','1605','16',NULL,NULL),('160509','Tapiche','1605','16',NULL,NULL),('160510','Jenaro Herrera','1605','16',NULL,NULL),('160511','Yaquerana','1605','16',NULL,NULL),('160601','Contamana','1606','16',NULL,NULL),('160602','Inahuaya','1606','16',NULL,NULL),('160603','Padre Márquez','1606','16',NULL,NULL),('160604','Pampa Hermosa','1606','16',NULL,NULL),('160605','Sarayacu','1606','16',NULL,NULL),('160606','Vargas Guerra','1606','16',NULL,NULL),('160701','Barranca','1607','16',NULL,NULL),('160702','Cahuapanas','1607','16',NULL,NULL),('160703','Manseriche','1607','16',NULL,NULL),('160704','Morona','1607','16',NULL,NULL),('160705','Pastaza','1607','16',NULL,NULL),('160706','Andoas','1607','16',NULL,NULL),('160801','Putumayo','1608','16',NULL,NULL),('160802','Rosa Panduro','1608','16',NULL,NULL),('160803','Teniente Manuel Clavero','1608','16',NULL,NULL),('160804','Yaguas','1608','16',NULL,NULL),('170101','Tambopata','1701','17',NULL,NULL),('170102','Inambari','1701','17',NULL,NULL),('170103','Las Piedras','1701','17',NULL,NULL),('170104','Laberinto','1701','17',NULL,NULL),('170201','Manu','1702','17',NULL,NULL),('170202','Fitzcarrald','1702','17',NULL,NULL),('170203','Madre de Dios','1702','17',NULL,NULL),('170204','Huepetuhe','1702','17',NULL,NULL),('170301','Iñapari','1703','17',NULL,NULL),('170302','Iberia','1703','17',NULL,NULL),('170303','Tahuamanu','1703','17',NULL,NULL),('180101','Moquegua','1801','18',NULL,NULL),('180102','Carumas','1801','18',NULL,NULL),('180103','Cuchumbaya','1801','18',NULL,NULL),('180104','Samegua','1801','18',NULL,NULL),('180105','San Cristóbal','1801','18',NULL,NULL),('180106','Torata','1801','18',NULL,NULL),('180201','Omate','1802','18',NULL,NULL),('180202','Chojata','1802','18',NULL,NULL),('180203','Coalaque','1802','18',NULL,NULL),('180204','Ichuña','1802','18',NULL,NULL),('180205','La Capilla','1802','18',NULL,NULL),('180206','Lloque','1802','18',NULL,NULL),('180207','Matalaque','1802','18',NULL,NULL),('180208','Puquina','1802','18',NULL,NULL),('180209','Quinistaquillas','1802','18',NULL,NULL),('180210','Ubinas','1802','18',NULL,NULL),('180211','Yunga','1802','18',NULL,NULL),('180301','Ilo','1803','18',NULL,NULL),('180302','El Algarrobal','1803','18',NULL,NULL),('180303','Pacocha','1803','18',NULL,NULL),('190101','Chaupimarca','1901','19',NULL,NULL),('190102','Huachon','1901','19',NULL,NULL),('190103','Huariaca','1901','19',NULL,NULL),('190104','Huayllay','1901','19',NULL,NULL),('190105','Ninacaca','1901','19',NULL,NULL),('190106','Pallanchacra','1901','19',NULL,NULL),('190107','Paucartambo','1901','19',NULL,NULL),('190108','San Francisco de Asís de Yarusyacan','1901','19',NULL,NULL),('190109','Simon Bolívar','1901','19',NULL,NULL),('190110','Ticlacayan','1901','19',NULL,NULL),('190111','Tinyahuarco','1901','19',NULL,NULL),('190112','Vicco','1901','19',NULL,NULL),('190113','Yanacancha','1901','19',NULL,NULL),('190201','Yanahuanca','1902','19',NULL,NULL),('190202','Chacayan','1902','19',NULL,NULL),('190203','Goyllarisquizga','1902','19',NULL,NULL),('190204','Paucar','1902','19',NULL,NULL),('190205','San Pedro de Pillao','1902','19',NULL,NULL),('190206','Santa Ana de Tusi','1902','19',NULL,NULL),('190207','Tapuc','1902','19',NULL,NULL),('190208','Vilcabamba','1902','19',NULL,NULL),('190301','Oxapampa','1903','19',NULL,NULL),('190302','Chontabamba','1903','19',NULL,NULL),('190303','Huancabamba','1903','19',NULL,NULL),('190304','Palcazu','1903','19',NULL,NULL),('190305','Pozuzo','1903','19',NULL,NULL),('190306','Puerto Bermúdez','1903','19',NULL,NULL),('190307','Villa Rica','1903','19',NULL,NULL),('190308','Constitución','1903','19',NULL,NULL),('200101','Piura','2001','20',NULL,NULL),('200104','Castilla','2001','20',NULL,NULL),('200105','Catacaos','2001','20',NULL,NULL),('200107','Cura Mori','2001','20',NULL,NULL),('200108','El Tallan','2001','20',NULL,NULL),('200109','La Arena','2001','20',NULL,NULL),('200110','La Unión','2001','20',NULL,NULL),('200111','Las Lomas','2001','20',NULL,NULL),('200114','Tambo Grande','2001','20',NULL,NULL),('200115','Veintiseis de Octubre','2001','20',NULL,NULL),('200201','Ayabaca','2002','20',NULL,NULL),('200202','Frias','2002','20',NULL,NULL),('200203','Jilili','2002','20',NULL,NULL),('200204','Lagunas','2002','20',NULL,NULL),('200205','Montero','2002','20',NULL,NULL),('200206','Pacaipampa','2002','20',NULL,NULL),('200207','Paimas','2002','20',NULL,NULL),('200208','Sapillica','2002','20',NULL,NULL),('200209','Sicchez','2002','20',NULL,NULL),('200210','Suyo','2002','20',NULL,NULL),('200301','Huancabamba','2003','20',NULL,NULL),('200302','Canchaque','2003','20',NULL,NULL),('200303','El Carmen de la Frontera','2003','20',NULL,NULL),('200304','Huarmaca','2003','20',NULL,NULL),('200305','Lalaquiz','2003','20',NULL,NULL),('200306','San Miguel de El Faique','2003','20',NULL,NULL),('200307','Sondor','2003','20',NULL,NULL),('200308','Sondorillo','2003','20',NULL,NULL),('200401','Chulucanas','2004','20',NULL,NULL),('200402','Buenos Aires','2004','20',NULL,NULL),('200403','Chalaco','2004','20',NULL,NULL),('200404','La Matanza','2004','20',NULL,NULL),('200405','Morropon','2004','20',NULL,NULL),('200406','Salitral','2004','20',NULL,NULL),('200407','San Juan de Bigote','2004','20',NULL,NULL),('200408','Santa Catalina de Mossa','2004','20',NULL,NULL),('200409','Santo Domingo','2004','20',NULL,NULL),('200410','Yamango','2004','20',NULL,NULL),('200501','Paita','2005','20',NULL,NULL),('200502','Amotape','2005','20',NULL,NULL),('200503','Arenal','2005','20',NULL,NULL),('200504','Colan','2005','20',NULL,NULL),('200505','La Huaca','2005','20',NULL,NULL),('200506','Tamarindo','2005','20',NULL,NULL),('200507','Vichayal','2005','20',NULL,NULL),('200601','Sullana','2006','20',NULL,NULL),('200602','Bellavista','2006','20',NULL,NULL),('200603','Ignacio Escudero','2006','20',NULL,NULL),('200604','Lancones','2006','20',NULL,NULL),('200605','Marcavelica','2006','20',NULL,NULL),('200606','Miguel Checa','2006','20',NULL,NULL),('200607','Querecotillo','2006','20',NULL,NULL),('200608','Salitral','2006','20',NULL,NULL),('200701','Pariñas','2007','20',NULL,NULL),('200702','El Alto','2007','20',NULL,NULL),('200703','La Brea','2007','20',NULL,NULL),('200704','Lobitos','2007','20',NULL,NULL),('200705','Los Organos','2007','20',NULL,NULL),('200706','Mancora','2007','20',NULL,NULL),('200801','Sechura','2008','20',NULL,NULL),('200802','Bellavista de la Unión','2008','20',NULL,NULL),('200803','Bernal','2008','20',NULL,NULL),('200804','Cristo Nos Valga','2008','20',NULL,NULL),('200805','Vice','2008','20',NULL,NULL),('200806','Rinconada Llicuar','2008','20',NULL,NULL),('210101','Puno','2101','21',NULL,NULL),('210102','Acora','2101','21',NULL,NULL),('210103','Amantani','2101','21',NULL,NULL),('210104','Atuncolla','2101','21',NULL,NULL),('210105','Capachica','2101','21',NULL,NULL),('210106','Chucuito','2101','21',NULL,NULL),('210107','Coata','2101','21',NULL,NULL),('210108','Huata','2101','21',NULL,NULL),('210109','Mañazo','2101','21',NULL,NULL),('210110','Paucarcolla','2101','21',NULL,NULL),('210111','Pichacani','2101','21',NULL,NULL),('210112','Plateria','2101','21',NULL,NULL),('210113','San Antonio','2101','21',NULL,NULL),('210114','Tiquillaca','2101','21',NULL,NULL),('210115','Vilque','2101','21',NULL,NULL),('210201','Azángaro','2102','21',NULL,NULL),('210202','Achaya','2102','21',NULL,NULL),('210203','Arapa','2102','21',NULL,NULL),('210204','Asillo','2102','21',NULL,NULL),('210205','Caminaca','2102','21',NULL,NULL),('210206','Chupa','2102','21',NULL,NULL),('210207','José Domingo Choquehuanca','2102','21',NULL,NULL),('210208','Muñani','2102','21',NULL,NULL),('210209','Potoni','2102','21',NULL,NULL),('210210','Saman','2102','21',NULL,NULL),('210211','San Anton','2102','21',NULL,NULL),('210212','San José','2102','21',NULL,NULL),('210213','San Juan de Salinas','2102','21',NULL,NULL),('210214','Santiago de Pupuja','2102','21',NULL,NULL),('210215','Tirapata','2102','21',NULL,NULL),('210301','Macusani','2103','21',NULL,NULL),('210302','Ajoyani','2103','21',NULL,NULL),('210303','Ayapata','2103','21',NULL,NULL),('210304','Coasa','2103','21',NULL,NULL),('210305','Corani','2103','21',NULL,NULL),('210306','Crucero','2103','21',NULL,NULL),('210307','Ituata','2103','21',NULL,NULL),('210308','Ollachea','2103','21',NULL,NULL),('210309','San Gaban','2103','21',NULL,NULL),('210310','Usicayos','2103','21',NULL,NULL),('210401','Juli','2104','21',NULL,NULL),('210402','Desaguadero','2104','21',NULL,NULL),('210403','Huacullani','2104','21',NULL,NULL),('210404','Kelluyo','2104','21',NULL,NULL),('210405','Pisacoma','2104','21',NULL,NULL),('210406','Pomata','2104','21',NULL,NULL),('210407','Zepita','2104','21',NULL,NULL),('210501','Ilave','2105','21',NULL,NULL),('210502','Capazo','2105','21',NULL,NULL),('210503','Pilcuyo','2105','21',NULL,NULL),('210504','Santa Rosa','2105','21',NULL,NULL),('210505','Conduriri','2105','21',NULL,NULL),('210601','Huancane','2106','21',NULL,NULL),('210602','Cojata','2106','21',NULL,NULL),('210603','Huatasani','2106','21',NULL,NULL),('210604','Inchupalla','2106','21',NULL,NULL),('210605','Pusi','2106','21',NULL,NULL),('210606','Rosaspata','2106','21',NULL,NULL),('210607','Taraco','2106','21',NULL,NULL),('210608','Vilque Chico','2106','21',NULL,NULL),('210701','Lampa','2107','21',NULL,NULL),('210702','Cabanilla','2107','21',NULL,NULL),('210703','Calapuja','2107','21',NULL,NULL),('210704','Nicasio','2107','21',NULL,NULL),('210705','Ocuviri','2107','21',NULL,NULL),('210706','Palca','2107','21',NULL,NULL),('210707','Paratia','2107','21',NULL,NULL),('210708','Pucara','2107','21',NULL,NULL),('210709','Santa Lucia','2107','21',NULL,NULL),('210710','Vilavila','2107','21',NULL,NULL),('210801','Ayaviri','2108','21',NULL,NULL),('210802','Antauta','2108','21',NULL,NULL),('210803','Cupi','2108','21',NULL,NULL),('210804','Llalli','2108','21',NULL,NULL),('210805','Macari','2108','21',NULL,NULL),('210806','Nuñoa','2108','21',NULL,NULL),('210807','Orurillo','2108','21',NULL,NULL),('210808','Santa Rosa','2108','21',NULL,NULL),('210809','Umachiri','2108','21',NULL,NULL),('210901','Moho','2109','21',NULL,NULL),('210902','Conima','2109','21',NULL,NULL),('210903','Huayrapata','2109','21',NULL,NULL),('210904','Tilali','2109','21',NULL,NULL),('211001','Putina','2110','21',NULL,NULL),('211002','Ananea','2110','21',NULL,NULL),('211003','Pedro Vilca Apaza','2110','21',NULL,NULL),('211004','Quilcapuncu','2110','21',NULL,NULL),('211005','Sina','2110','21',NULL,NULL),('211101','Juliaca','2111','21',NULL,NULL),('211102','Cabana','2111','21',NULL,NULL),('211103','Cabanillas','2111','21',NULL,NULL),('211104','Caracoto','2111','21',NULL,NULL),('211105','San Miguel','2111','21',NULL,NULL),('211201','Sandia','2112','21',NULL,NULL),('211202','Cuyocuyo','2112','21',NULL,NULL),('211203','Limbani','2112','21',NULL,NULL),('211204','Patambuco','2112','21',NULL,NULL),('211205','Phara','2112','21',NULL,NULL),('211206','Quiaca','2112','21',NULL,NULL),('211207','San Juan del Oro','2112','21',NULL,NULL),('211208','Yanahuaya','2112','21',NULL,NULL),('211209','Alto Inambari','2112','21',NULL,NULL),('211210','San Pedro de Putina Punco','2112','21',NULL,NULL),('211301','Yunguyo','2113','21',NULL,NULL),('211302','Anapia','2113','21',NULL,NULL),('211303','Copani','2113','21',NULL,NULL),('211304','Cuturapi','2113','21',NULL,NULL),('211305','Ollaraya','2113','21',NULL,NULL),('211306','Tinicachi','2113','21',NULL,NULL),('211307','Unicachi','2113','21',NULL,NULL),('220101','Moyobamba','2201','22',NULL,NULL),('220102','Calzada','2201','22',NULL,NULL),('220103','Habana','2201','22',NULL,NULL),('220104','Jepelacio','2201','22',NULL,NULL),('220105','Soritor','2201','22',NULL,NULL),('220106','Yantalo','2201','22',NULL,NULL),('220201','Bellavista','2202','22',NULL,NULL),('220202','Alto Biavo','2202','22',NULL,NULL),('220203','Bajo Biavo','2202','22',NULL,NULL),('220204','Huallaga','2202','22',NULL,NULL),('220205','San Pablo','2202','22',NULL,NULL),('220206','San Rafael','2202','22',NULL,NULL),('220301','San José de Sisa','2203','22',NULL,NULL),('220302','Agua Blanca','2203','22',NULL,NULL),('220303','San Martín','2203','22',NULL,NULL),('220304','Santa Rosa','2203','22',NULL,NULL),('220305','Shatoja','2203','22',NULL,NULL),('220401','Saposoa','2204','22',NULL,NULL),('220402','Alto Saposoa','2204','22',NULL,NULL),('220403','El Eslabón','2204','22',NULL,NULL),('220404','Piscoyacu','2204','22',NULL,NULL),('220405','Sacanche','2204','22',NULL,NULL),('220406','Tingo de Saposoa','2204','22',NULL,NULL),('220501','Lamas','2205','22',NULL,NULL),('220502','Alonso de Alvarado','2205','22',NULL,NULL),('220503','Barranquita','2205','22',NULL,NULL),('220504','Caynarachi','2205','22',NULL,NULL),('220505','Cuñumbuqui','2205','22',NULL,NULL),('220506','Pinto Recodo','2205','22',NULL,NULL),('220507','Rumisapa','2205','22',NULL,NULL),('220508','San Roque de Cumbaza','2205','22',NULL,NULL),('220509','Shanao','2205','22',NULL,NULL),('220510','Tabalosos','2205','22',NULL,NULL),('220511','Zapatero','2205','22',NULL,NULL),('220601','Juanjuí','2206','22',NULL,NULL),('220602','Campanilla','2206','22',NULL,NULL),('220603','Huicungo','2206','22',NULL,NULL),('220604','Pachiza','2206','22',NULL,NULL),('220605','Pajarillo','2206','22',NULL,NULL),('220701','Picota','2207','22',NULL,NULL),('220702','Buenos Aires','2207','22',NULL,NULL),('220703','Caspisapa','2207','22',NULL,NULL),('220704','Pilluana','2207','22',NULL,NULL),('220705','Pucacaca','2207','22',NULL,NULL),('220706','San Cristóbal','2207','22',NULL,NULL),('220707','San Hilarión','2207','22',NULL,NULL),('220708','Shamboyacu','2207','22',NULL,NULL),('220709','Tingo de Ponasa','2207','22',NULL,NULL),('220710','Tres Unidos','2207','22',NULL,NULL),('220801','Rioja','2208','22',NULL,NULL),('220802','Awajun','2208','22',NULL,NULL),('220803','Elías Soplin Vargas','2208','22',NULL,NULL),('220804','Nueva Cajamarca','2208','22',NULL,NULL),('220805','Pardo Miguel','2208','22',NULL,NULL),('220806','Posic','2208','22',NULL,NULL),('220807','San Fernando','2208','22',NULL,NULL),('220808','Yorongos','2208','22',NULL,NULL),('220809','Yuracyacu','2208','22',NULL,NULL),('220901','Tarapoto','2209','22',NULL,NULL),('220902','Alberto Leveau','2209','22',NULL,NULL),('220903','Cacatachi','2209','22',NULL,NULL),('220904','Chazuta','2209','22',NULL,NULL),('220905','Chipurana','2209','22',NULL,NULL),('220906','El Porvenir','2209','22',NULL,NULL),('220907','Huimbayoc','2209','22',NULL,NULL),('220908','Juan Guerra','2209','22',NULL,NULL),('220909','La Banda de Shilcayo','2209','22',NULL,NULL),('220910','Morales','2209','22',NULL,NULL),('220911','Papaplaya','2209','22',NULL,NULL),('220912','San Antonio','2209','22',NULL,NULL),('220913','Sauce','2209','22',NULL,NULL),('220914','Shapaja','2209','22',NULL,NULL),('221001','Tocache','2210','22',NULL,NULL),('221002','Nuevo Progreso','2210','22',NULL,NULL),('221003','Polvora','2210','22',NULL,NULL),('221004','Shunte','2210','22',NULL,NULL),('221005','Uchiza','2210','22',NULL,NULL),('230101','Tacna','2301','23',NULL,NULL),('230102','Alto de la Alianza','2301','23',NULL,NULL),('230103','Calana','2301','23',NULL,NULL),('230104','Ciudad Nueva','2301','23',NULL,NULL),('230105','Inclan','2301','23',NULL,NULL),('230106','Pachia','2301','23',NULL,NULL),('230107','Palca','2301','23',NULL,NULL),('230108','Pocollay','2301','23',NULL,NULL),('230109','Sama','2301','23',NULL,NULL),('230110','Coronel Gregorio Albarracín Lanchipa','2301','23',NULL,NULL),('230111','La Yarada los Palos','2301','23',NULL,NULL),('230201','Candarave','2302','23',NULL,NULL),('230202','Cairani','2302','23',NULL,NULL),('230203','Camilaca','2302','23',NULL,NULL),('230204','Curibaya','2302','23',NULL,NULL),('230205','Huanuara','2302','23',NULL,NULL),('230206','Quilahuani','2302','23',NULL,NULL),('230301','Locumba','2303','23',NULL,NULL),('230302','Ilabaya','2303','23',NULL,NULL),('230303','Ite','2303','23',NULL,NULL),('230401','Tarata','2304','23',NULL,NULL),('230402','Héroes Albarracín','2304','23',NULL,NULL),('230403','Estique','2304','23',NULL,NULL),('230404','Estique-Pampa','2304','23',NULL,NULL),('230405','Sitajara','2304','23',NULL,NULL),('230406','Susapaya','2304','23',NULL,NULL),('230407','Tarucachi','2304','23',NULL,NULL),('230408','Ticaco','2304','23',NULL,NULL),('240101','Tumbes','2401','24',NULL,NULL),('240102','Corrales','2401','24',NULL,NULL),('240103','La Cruz','2401','24',NULL,NULL),('240104','Pampas de Hospital','2401','24',NULL,NULL),('240105','San Jacinto','2401','24',NULL,NULL),('240106','San Juan de la Virgen','2401','24',NULL,NULL),('240201','Zorritos','2402','24',NULL,NULL),('240202','Casitas','2402','24',NULL,NULL),('240203','Canoas de Punta Sal','2402','24',NULL,NULL),('240301','Zarumilla','2403','24',NULL,NULL),('240302','Aguas Verdes','2403','24',NULL,NULL),('240303','Matapalo','2403','24',NULL,NULL),('240304','Papayal','2403','24',NULL,NULL),('250101','Calleria','2501','25',NULL,NULL),('250102','Campoverde','2501','25',NULL,NULL),('250103','Iparia','2501','25',NULL,NULL),('250104','Masisea','2501','25',NULL,NULL),('250105','Yarinacocha','2501','25',NULL,NULL),('250106','Nueva Requena','2501','25',NULL,NULL),('250107','Manantay','2501','25',NULL,NULL),('250201','Raymondi','2502','25',NULL,NULL),('250202','Sepahua','2502','25',NULL,NULL),('250203','Tahuania','2502','25',NULL,NULL),('250204','Yurua','2502','25',NULL,NULL),('250301','Padre Abad','2503','25',NULL,NULL),('250302','Irazola','2503','25',NULL,NULL),('250303','Curimana','2503','25',NULL,NULL),('250304','Neshuya','2503','25',NULL,NULL),('250305','Alexander Von Humboldt','2503','25',NULL,NULL),('250401','Purus','2504','25',NULL,NULL);
/*!40000 ALTER TABLE `district` ENABLE KEYS */;
UNLOCK TABLES;

--
-- Table structure for table `failed_jobs`
--

DROP TABLE IF EXISTS `failed_jobs`;
/*!40101 SET @saved_cs_client     = @@character_set_client */;
/*!50503 SET character_set_client = utf8mb4 */;
CREATE TABLE `failed_jobs` (
  `id` bigint unsigned NOT NULL AUTO_INCREMENT,
  `uuid` varchar(255) COLLATE utf8mb4_unicode_ci NOT NULL,
  `connection` text COLLATE utf8mb4_unicode_ci NOT NULL,
  `queue` text COLLATE utf8mb4_unicode_ci NOT NULL,
  `payload` longtext COLLATE utf8mb4_unicode_ci NOT NULL,
  `exception` longtext COLLATE utf8mb4_unicode_ci NOT NULL,
  `failed_at` timestamp NOT NULL DEFAULT CURRENT_TIMESTAMP,
  PRIMARY KEY (`id`),
  UNIQUE KEY `failed_jobs_uuid_unique` (`uuid`)
) ENGINE=InnoDB DEFAULT CHARSET=utf8mb4 COLLATE=utf8mb4_unicode_ci;
/*!40101 SET character_set_client = @saved_cs_client */;

--
-- Dumping data for table `failed_jobs`
--

LOCK TABLES `failed_jobs` WRITE;
/*!40000 ALTER TABLE `failed_jobs` DISABLE KEYS */;
/*!40000 ALTER TABLE `failed_jobs` ENABLE KEYS */;
UNLOCK TABLES;

--
-- Table structure for table `migrations`
--

DROP TABLE IF EXISTS `migrations`;
/*!40101 SET @saved_cs_client     = @@character_set_client */;
/*!50503 SET character_set_client = utf8mb4 */;
CREATE TABLE `migrations` (
  `id` int unsigned NOT NULL AUTO_INCREMENT,
  `migration` varchar(255) COLLATE utf8mb4_unicode_ci NOT NULL,
  `batch` int NOT NULL,
  PRIMARY KEY (`id`)
) ENGINE=InnoDB AUTO_INCREMENT=14 DEFAULT CHARSET=utf8mb4 COLLATE=utf8mb4_unicode_ci;
/*!40101 SET character_set_client = @saved_cs_client */;

--
-- Dumping data for table `migrations`
--

LOCK TABLES `migrations` WRITE;
/*!40000 ALTER TABLE `migrations` DISABLE KEYS */;
INSERT INTO `migrations` VALUES (1,'2014_10_12_100000_create_password_resets_table',1),(2,'2019_08_19_000000_create_failed_jobs_table',1),(3,'2024_05_01_000000_create_persona_table',1),(4,'2024_05_02_000000_create_clientes_table',1),(5,'2024_05_03_000000_create_asesor_table',1),(6,'2024_05_04_000000_create_rol_table',1),(7,'2024_05_05_000000_create_users_table',1),(8,'2024_05_06_000000_create_departamento_table',1),(9,'2024_05_07_000000_create_provincia_table',1),(10,'2024_05_08_000000_create_distrito_table',1),(11,'2024_05_09_000000_create_bank_table',1),(12,'2024_05_10_000000_create_deposits_table',1),(13,'2024_05_11_000000_create_communication_channels_table',1);
/*!40000 ALTER TABLE `migrations` ENABLE KEYS */;
UNLOCK TABLES;

--
-- Table structure for table `password_resets`
--

DROP TABLE IF EXISTS `password_resets`;
/*!40101 SET @saved_cs_client     = @@character_set_client */;
/*!50503 SET character_set_client = utf8mb4 */;
CREATE TABLE `password_resets` (
  `email` varchar(255) COLLATE utf8mb4_unicode_ci NOT NULL,
  `token` varchar(255) COLLATE utf8mb4_unicode_ci NOT NULL,
  `created_at` timestamp NULL DEFAULT NULL,
  KEY `password_resets_email_index` (`email`)
) ENGINE=InnoDB DEFAULT CHARSET=utf8mb4 COLLATE=utf8mb4_unicode_ci;
/*!40101 SET character_set_client = @saved_cs_client */;

--
-- Dumping data for table `password_resets`
--

LOCK TABLES `password_resets` WRITE;
/*!40000 ALTER TABLE `password_resets` DISABLE KEYS */;
/*!40000 ALTER TABLE `password_resets` ENABLE KEYS */;
UNLOCK TABLES;

--
-- Table structure for table `person`
--

DROP TABLE IF EXISTS `person`;
/*!40101 SET @saved_cs_client     = @@character_set_client */;
/*!50503 SET character_set_client = utf8mb4 */;
CREATE TABLE `person` (
  `id` bigint unsigned NOT NULL AUTO_INCREMENT,
  `document_type` varchar(255) COLLATE utf8mb4_unicode_ci DEFAULT NULL,
  `document_number` varchar(255) COLLATE utf8mb4_unicode_ci DEFAULT NULL,
  `name` varchar(50) COLLATE utf8mb4_unicode_ci DEFAULT NULL,
  `addres` varchar(200) COLLATE utf8mb4_unicode_ci DEFAULT NULL,
  `phone` bigint DEFAULT NULL,
  `cod_departament` varchar(2) COLLATE utf8mb4_unicode_ci DEFAULT NULL,
  `cod_province` varchar(4) COLLATE utf8mb4_unicode_ci DEFAULT NULL,
  `cod_district` varchar(6) COLLATE utf8mb4_unicode_ci DEFAULT NULL,
  PRIMARY KEY (`id`),
  UNIQUE KEY `person_document_number_unique` (`document_number`)
) ENGINE=InnoDB AUTO_INCREMENT=15 DEFAULT CHARSET=utf8mb4 COLLATE=utf8mb4_unicode_ci;
/*!40101 SET character_set_client = @saved_cs_client */;

--
-- Dumping data for table `person`
--

LOCK TABLES `person` WRITE;
/*!40000 ALTER TABLE `person` DISABLE KEYS */;
INSERT INTO `person` VALUES (12,'01','48762828','Deyvis Garcia Cercado','Lima',123456789,'01','0102','010202'),(13,'01','48762524','Anibal Garcia Cercado','Lima, peru',123456789,'03','0301','030101'),(14,'01','48763257','Elber Flores Garcia','lima',222222222,'01','0102','010204');
/*!40000 ALTER TABLE `person` ENABLE KEYS */;
UNLOCK TABLES;

--
-- Table structure for table `province`
--

DROP TABLE IF EXISTS `province`;
/*!40101 SET @saved_cs_client     = @@character_set_client */;
/*!50503 SET character_set_client = utf8mb4 */;
CREATE TABLE `province` (
  `id` varchar(4) COLLATE utf8mb4_unicode_ci DEFAULT NULL,
  `name` varchar(45) COLLATE utf8mb4_unicode_ci DEFAULT NULL,
  `department_id` varchar(2) COLLATE utf8mb4_unicode_ci DEFAULT NULL,
  `created_at` timestamp NULL DEFAULT NULL,
  `updated_at` timestamp NULL DEFAULT NULL
) ENGINE=InnoDB DEFAULT CHARSET=utf8mb4 COLLATE=utf8mb4_unicode_ci;
/*!40101 SET character_set_client = @saved_cs_client */;

--
-- Dumping data for table `province`
--

LOCK TABLES `province` WRITE;
/*!40000 ALTER TABLE `province` DISABLE KEYS */;
INSERT INTO `province` VALUES ('0101','Chachapoyas','01',NULL,NULL),('0102','Bagua','01',NULL,NULL),('0103','Bongará','01',NULL,NULL),('0104','Condorcanqui','01',NULL,NULL),('0105','Luya','01',NULL,NULL),('0106','Rodríguez de Mendoza','01',NULL,NULL),('0107','Utcubamba','01',NULL,NULL),('0201','Huaraz','02',NULL,NULL),('0202','Aija','02',NULL,NULL),('0203','Antonio Raymondi','02',NULL,NULL),('0204','Asunción','02',NULL,NULL),('0205','Bolognesi','02',NULL,NULL),('0206','Carhuaz','02',NULL,NULL),('0207','Carlos Fermín Fitzcarrald','02',NULL,NULL),('0208','Casma','02',NULL,NULL),('0209','Corongo','02',NULL,NULL),('0210','Huari','02',NULL,NULL),('0211','Huarmey','02',NULL,NULL),('0212','Huaylas','02',NULL,NULL),('0213','Mariscal Luzuriaga','02',NULL,NULL),('0214','Ocros','02',NULL,NULL),('0215','Pallasca','02',NULL,NULL),('0216','Pomabamba','02',NULL,NULL),('0217','Recuay','02',NULL,NULL),('0218','Santa','02',NULL,NULL),('0219','Sihuas','02',NULL,NULL),('0220','Yungay','02',NULL,NULL),('0301','Abancay','03',NULL,NULL),('0302','Andahuaylas','03',NULL,NULL),('0303','Antabamba','03',NULL,NULL),('0304','Aymaraes','03',NULL,NULL),('0305','Cotabambas','03',NULL,NULL),('0306','Chincheros','03',NULL,NULL),('0307','Grau','03',NULL,NULL),('0401','Arequipa','04',NULL,NULL),('0402','Camaná','04',NULL,NULL),('0403','Caravelí','04',NULL,NULL),('0404','Castilla','04',NULL,NULL),('0405','Caylloma','04',NULL,NULL),('0406','Condesuyos','04',NULL,NULL),('0407','Islay','04',NULL,NULL),('0408','La Uniòn','04',NULL,NULL),('0501','Huamanga','05',NULL,NULL),('0502','Cangallo','05',NULL,NULL),('0503','Huanca Sancos','05',NULL,NULL),('0504','Huanta','05',NULL,NULL),('0505','La Mar','05',NULL,NULL),('0506','Lucanas','05',NULL,NULL),('0507','Parinacochas','05',NULL,NULL),('0508','Pàucar del Sara Sara','05',NULL,NULL),('0509','Sucre','05',NULL,NULL),('0510','Víctor Fajardo','05',NULL,NULL),('0511','Vilcas Huamán','05',NULL,NULL),('0601','Cajamarca','06',NULL,NULL),('0602','Cajabamba','06',NULL,NULL),('0603','Celendín','06',NULL,NULL),('0604','Chota','06',NULL,NULL),('0605','Contumazá','06',NULL,NULL),('0606','Cutervo','06',NULL,NULL),('0607','Hualgayoc','06',NULL,NULL),('0608','Jaén','06',NULL,NULL),('0609','San Ignacio','06',NULL,NULL),('0610','San Marcos','06',NULL,NULL),('0611','San Miguel','06',NULL,NULL),('0612','San Pablo','06',NULL,NULL),('0613','Santa Cruz','06',NULL,NULL),('0701','Prov. Const. del Callao','07',NULL,NULL),('0801','Cusco','08',NULL,NULL),('0802','Acomayo','08',NULL,NULL),('0803','Anta','08',NULL,NULL),('0804','Calca','08',NULL,NULL),('0805','Canas','08',NULL,NULL),('0806','Canchis','08',NULL,NULL),('0807','Chumbivilcas','08',NULL,NULL),('0808','Espinar','08',NULL,NULL),('0809','La Convención','08',NULL,NULL),('0810','Paruro','08',NULL,NULL),('0811','Paucartambo','08',NULL,NULL),('0812','Quispicanchi','08',NULL,NULL),('0813','Urubamba','08',NULL,NULL),('0901','Huancavelica','09',NULL,NULL),('0902','Acobamba','09',NULL,NULL),('0903','Angaraes','09',NULL,NULL),('0904','Castrovirreyna','09',NULL,NULL),('0905','Churcampa','09',NULL,NULL),('0906','Huaytará','09',NULL,NULL),('0907','Tayacaja','09',NULL,NULL),('1001','Huánuco','10',NULL,NULL),('1002','Ambo','10',NULL,NULL),('1003','Dos de Mayo','10',NULL,NULL),('1004','Huacaybamba','10',NULL,NULL),('1005','Huamalíes','10',NULL,NULL),('1006','Leoncio Prado','10',NULL,NULL),('1007','Marañón','10',NULL,NULL),('1008','Pachitea','10',NULL,NULL),('1009','Puerto Inca','10',NULL,NULL),('1010','Lauricocha ','10',NULL,NULL),('1011','Yarowilca ','10',NULL,NULL),('1101','Ica ','11',NULL,NULL),('1102','Chincha ','11',NULL,NULL),('1103','Nasca ','11',NULL,NULL),('1104','Palpa ','11',NULL,NULL),('1105','Pisco ','11',NULL,NULL),('1201','Huancayo ','12',NULL,NULL),('1202','Concepción ','12',NULL,NULL),('1203','Chanchamayo ','12',NULL,NULL),('1204','Jauja ','12',NULL,NULL),('1205','Junín ','12',NULL,NULL),('1206','Satipo ','12',NULL,NULL),('1207','Tarma ','12',NULL,NULL),('1208','Yauli ','12',NULL,NULL),('1209','Chupaca ','12',NULL,NULL),('1301','Trujillo ','13',NULL,NULL),('1302','Ascope ','13',NULL,NULL),('1303','Bolívar ','13',NULL,NULL),('1304','Chepén ','13',NULL,NULL),('1305','Julcán ','13',NULL,NULL),('1306','Otuzco ','13',NULL,NULL),('1307','Pacasmayo ','13',NULL,NULL),('1308','Pataz ','13',NULL,NULL),('1309','Sánchez Carrión ','13',NULL,NULL),('1310','Santiago de Chuco ','13',NULL,NULL),('1311','Gran Chimú ','13',NULL,NULL),('1312','Virú ','13',NULL,NULL),('1401','Chiclayo ','14',NULL,NULL),('1402','Ferreñafe ','14',NULL,NULL),('1403','Lambayeque ','14',NULL,NULL),('1501','Lima ','15',NULL,NULL),('1502','Barranca ','15',NULL,NULL),('1503','Cajatambo ','15',NULL,NULL),('1504','Canta ','15',NULL,NULL),('1505','Cañete ','15',NULL,NULL),('1506','Huaral ','15',NULL,NULL),('1507','Huarochirí ','15',NULL,NULL),('1508','Huaura ','15',NULL,NULL),('1509','Oyón ','15',NULL,NULL),('1510','Yauyos ','15',NULL,NULL),('1601','Maynas ','16',NULL,NULL),('1602','Alto Amazonas ','16',NULL,NULL),('1603','Loreto ','16',NULL,NULL),('1604','Mariscal Ramón Castilla ','16',NULL,NULL),('1605','Requena ','16',NULL,NULL),('1606','Ucayali ','16',NULL,NULL),('1607','Datem del Marañón ','16',NULL,NULL),('1608','Putumayo','16',NULL,NULL),('1701','Tambopata ','17',NULL,NULL),('1702','Manu ','17',NULL,NULL),('1703','Tahuamanu ','17',NULL,NULL),('1801','Mariscal Nieto ','18',NULL,NULL),('1802','General Sánchez Cerro ','18',NULL,NULL),('1803','Ilo ','18',NULL,NULL),('1901','Pasco ','19',NULL,NULL),('1902','Daniel Alcides Carrión ','19',NULL,NULL),('1903','Oxapampa ','19',NULL,NULL),('2001','Piura ','20',NULL,NULL),('2002','Ayabaca ','20',NULL,NULL),('2003','Huancabamba ','20',NULL,NULL),('2004','Morropón ','20',NULL,NULL),('2005','Paita ','20',NULL,NULL),('2006','Sullana ','20',NULL,NULL),('2007','Talara ','20',NULL,NULL),('2008','Sechura ','20',NULL,NULL),('2101','Puno ','21',NULL,NULL),('2102','Azángaro ','21',NULL,NULL),('2103','Carabaya ','21',NULL,NULL),('2104','Chucuito ','21',NULL,NULL),('2105','El Collao ','21',NULL,NULL),('2106','Huancané ','21',NULL,NULL),('2107','Lampa ','21',NULL,NULL),('2108','Melgar ','21',NULL,NULL),('2109','Moho ','21',NULL,NULL),('2110','San Antonio de Putina ','21',NULL,NULL),('2111','San Román ','21',NULL,NULL),('2112','Sandia ','21',NULL,NULL),('2113','Yunguyo ','21',NULL,NULL),('2201','Moyobamba ','22',NULL,NULL),('2202','Bellavista ','22',NULL,NULL),('2203','El Dorado ','22',NULL,NULL),('2204','Huallaga ','22',NULL,NULL),('2205','Lamas ','22',NULL,NULL),('2206','Mariscal Cáceres ','22',NULL,NULL),('2207','Picota ','22',NULL,NULL),('2208','Rioja ','22',NULL,NULL),('2209','San Martín ','22',NULL,NULL),('2210','Tocache ','22',NULL,NULL),('2301','Tacna ','23',NULL,NULL),('2302','Candarave ','23',NULL,NULL),('2303','Jorge Basadre ','23',NULL,NULL),('2304','Tarata ','23',NULL,NULL),('2401','Tumbes ','24',NULL,NULL),('2402','Contralmirante Villar ','24',NULL,NULL),('2403','Zarumilla ','24',NULL,NULL),('2501','Coronel Portillo ','25',NULL,NULL),('2502','Atalaya ','25',NULL,NULL),('2503','Padre Abad ','25',NULL,NULL),('2504','Purús','25',NULL,NULL);
/*!40000 ALTER TABLE `province` ENABLE KEYS */;
UNLOCK TABLES;

--
-- Table structure for table `role`
--

DROP TABLE IF EXISTS `role`;
/*!40101 SET @saved_cs_client     = @@character_set_client */;
/*!50503 SET character_set_client = utf8mb4 */;
CREATE TABLE `role` (
  `id` bigint unsigned NOT NULL AUTO_INCREMENT,
  `name` varchar(45) COLLATE utf8mb4_unicode_ci DEFAULT NULL,
  `created_at` timestamp NULL DEFAULT NULL,
  `updated_at` timestamp NULL DEFAULT NULL,
  PRIMARY KEY (`id`)
) ENGINE=InnoDB AUTO_INCREMENT=4 DEFAULT CHARSET=utf8mb4 COLLATE=utf8mb4_unicode_ci;
/*!40101 SET character_set_client = @saved_cs_client */;

--
-- Dumping data for table `role`
--

LOCK TABLES `role` WRITE;
/*!40000 ALTER TABLE `role` DISABLE KEYS */;
INSERT INTO `role` VALUES (1,'ADMIN',NULL,NULL),(2,'ASESOR DE VENTA',NULL,NULL),(3,'CLIENTE',NULL,NULL);
/*!40000 ALTER TABLE `role` ENABLE KEYS */;
UNLOCK TABLES;

--
-- Table structure for table `sales_consultant`
--

DROP TABLE IF EXISTS `sales_consultant`;
/*!40101 SET @saved_cs_client     = @@character_set_client */;
/*!50503 SET character_set_client = utf8mb4 */;
CREATE TABLE `sales_consultant` (
  `id` bigint unsigned NOT NULL AUTO_INCREMENT,
  `person_id` bigint unsigned NOT NULL,
  `created_at` timestamp NULL DEFAULT NULL,
  `updated_at` timestamp NULL DEFAULT NULL,
  PRIMARY KEY (`id`),
  KEY `sales_consultant_person_id_foreign` (`person_id`),
  CONSTRAINT `sales_consultant_person_id_foreign` FOREIGN KEY (`person_id`) REFERENCES `person` (`id`) ON DELETE CASCADE
) ENGINE=InnoDB AUTO_INCREMENT=9 DEFAULT CHARSET=utf8mb4 COLLATE=utf8mb4_unicode_ci;
/*!40101 SET character_set_client = @saved_cs_client */;

--
-- Dumping data for table `sales_consultant`
--

LOCK TABLES `sales_consultant` WRITE;
/*!40000 ALTER TABLE `sales_consultant` DISABLE KEYS */;
INSERT INTO `sales_consultant` VALUES (8,13,'2024-05-13 16:46:52','2024-05-13 16:46:52');
/*!40000 ALTER TABLE `sales_consultant` ENABLE KEYS */;
UNLOCK TABLES;

--
-- Table structure for table `users`
--

DROP TABLE IF EXISTS `users`;
/*!40101 SET @saved_cs_client     = @@character_set_client */;
/*!50503 SET character_set_client = utf8mb4 */;
CREATE TABLE `users` (
  `id` bigint unsigned NOT NULL AUTO_INCREMENT,
  `email` varchar(255) COLLATE utf8mb4_unicode_ci NOT NULL,
  `password` varchar(255) COLLATE utf8mb4_unicode_ci NOT NULL,
  `remember_token` varchar(100) COLLATE utf8mb4_unicode_ci DEFAULT NULL,
  `created_at` timestamp NULL DEFAULT NULL,
  `updated_at` timestamp NULL DEFAULT NULL,
  `client_id` bigint unsigned DEFAULT NULL,
  `sales_id` bigint unsigned DEFAULT NULL,
  `role_id` bigint unsigned DEFAULT NULL,
  PRIMARY KEY (`id`),
  UNIQUE KEY `users_email_unique` (`email`),
  KEY `users_client_id_foreign` (`client_id`),
  KEY `users_sales_id_foreign` (`sales_id`),
  KEY `users_role_id_foreign` (`role_id`),
  CONSTRAINT `users_client_id_foreign` FOREIGN KEY (`client_id`) REFERENCES `client` (`id`) ON DELETE CASCADE,
  CONSTRAINT `users_role_id_foreign` FOREIGN KEY (`role_id`) REFERENCES `role` (`id`) ON DELETE CASCADE,
  CONSTRAINT `users_sales_id_foreign` FOREIGN KEY (`sales_id`) REFERENCES `sales_consultant` (`id`) ON DELETE CASCADE
) ENGINE=InnoDB AUTO_INCREMENT=12 DEFAULT CHARSET=utf8mb4 COLLATE=utf8mb4_unicode_ci;
/*!40101 SET character_set_client = @saved_cs_client */;

--
-- Dumping data for table `users`
--

LOCK TABLES `users` WRITE;
/*!40000 ALTER TABLE `users` DISABLE KEYS */;
INSERT INTO `users` VALUES (9,'deyvis@gmail.com','$2y$10$U7byp1swQlqrh83FwRu/XOyEhONBMKFTgbfqSUEEw7/SrLNursJIK',NULL,NULL,NULL,2,NULL,3),(10,'anibal@gmail.com','$2y$10$mUpWGETXxYVLE3P5ZhftB.7DxsO7HMjM4eWqXYN6KcvwuXJ7q0ka.',NULL,NULL,NULL,NULL,8,2),(11,'elber@gmail.com','$2y$10$xp7W1pvea4rQv1bReyW7wevMKhFzOXNqrQRtrI9bi.9tOe6HBMTHu',NULL,NULL,NULL,3,NULL,3);
/*!40000 ALTER TABLE `users` ENABLE KEYS */;
UNLOCK TABLES;
/*!40103 SET TIME_ZONE=@OLD_TIME_ZONE */;

/*!40101 SET SQL_MODE=@OLD_SQL_MODE */;
/*!40014 SET FOREIGN_KEY_CHECKS=@OLD_FOREIGN_KEY_CHECKS */;
/*!40014 SET UNIQUE_CHECKS=@OLD_UNIQUE_CHECKS */;
/*!40101 SET CHARACTER_SET_CLIENT=@OLD_CHARACTER_SET_CLIENT */;
/*!40101 SET CHARACTER_SET_RESULTS=@OLD_CHARACTER_SET_RESULTS */;
/*!40101 SET COLLATION_CONNECTION=@OLD_COLLATION_CONNECTION */;
/*!40111 SET SQL_NOTES=@OLD_SQL_NOTES */;

-- Dump completed on 2024-05-13  8:53:43
